industry,year,gross_output_cp,va_cp,energy_cp,material_cp,number_employed,lab_quality,capital_stock_cp
1,1980,"8,27,466","5,81,113",16854,188233," 1,98,022 ",100," 10,57,046 "
2,1980,"87,140","57,053",5092,2975," 1,487 ",100," 35,099 "
3,1980,"77,372","19,306",2019,50448," 6,315 ",100," 88,285 "
4,1980,"63,792","26,853",7032,23161," 10,504 ",100," 42,489 "
5,1980,"52,107","24,191",1047,16976," 2,667 ",100," 7,465 "
6,1980,"15,644","6,511",1771,5321, 714 ,100," 71,117 "
7,1980,"1,20,409","8,539",1290,125003, 46 ,100," 3,095 "
8,1980,"57,283","15,725",10046,14341," 1,020 ",100," 90,228 "
9,1980,"7,532","2,848",991,4080, 240 ,100," 4,839 "
10,1980,"19,282","8,765",5111,2901," 2,597 ",100," 11,722 "
11,1980,"94,886","36,691",18243,42611," 2,047 ",100," 78,445 "
12,1980,"28,911","12,539",1715,18343, 542 ,100," 15,250 "
13,1980,"8,448","3,228",839,6229, 481 ,100," 23,251 "
14,1980,"32,810","10,658",2484,17148, 514 ,100," 20,316 "
15,1980,"5,987","4,125",482,3418," 1,897 ",100," 17,977 "
16,1980,"52,254","21,929",9174,26004, 797 ,100," 3,32,685 "
17,1980,"2,81,262","1,09,278",5138,68446," 5,646 ",100," 42,252 "
18,1980,"1,41,905","97,527",2065,3175," 16,439 ",100," 51,511 "
19,1980,"39,495","8,553",1552,18659," 2,268 ",100," 12,306 "
20,1980,"97,156","49,134",15739,9831," 5,387 ",100," 4,48,391 "
21,1980,"11,594","4,775",939,2082, 398 ,100," 28,500 "
22,1980,"39,885","30,977",455,1063, 882 ,100," 57,848 "
23,1980,"18,529","13,712",149,434, 502 ,100," 34,547 "
24,1980,"1,04,883","75,526",786,2579," 7,802 ",100," 4,75,483 "
25,1980,"29,667","23,297",51,4034," 4,493 ",100," 14,844 "
26,1980,"26,628","8,374",421,10849," 1,641 ",100," 6,140 "
27,1980,"1,75,537","1,52,706",316,15730," 8,214 ",100," 15,18,430 "
1,1981,"8,61,007","6,07,854",15364,196563," 2,01,687 ",100.30," 10,84,614 "
2,1981,"1,00,941","64,849",7219,4441," 1,588 ",101.19," 40,565 "
3,1981,"93,202","22,805",2037,55622," 6,514 ",100.67," 97,222 "
4,1981,"64,791","26,162",7162,22924," 10,828 ",100.66," 47,504 "
5,1981,"53,160","24,556",880,15253," 2,757 ",99.43," 8,544 "
6,1981,"17,367","7,065",1896,5890, 734 ,101.01," 84,784 "
7,1981,"1,22,895","8,267",1724,132475, 48 ,100.51," 5,327 "
8,1981,"70,725","18,626",12019,17454," 1,051 ",101.27," 90,181 "
9,1981,"6,842","2,562",876,4185, 248 ,101.31," 6,015 "
10,1981,"21,163","9,460",5501,3112," 2,683 ",101.23," 13,418 "
11,1981,"1,02,641","39,513",20165,46598," 2,112 ",101.24," 85,154 "
12,1981,"30,715","13,220",1816,19248, 560 ,102.15," 17,144 "
13,1981,"8,928","3,476",852,6459, 496 ,100.77," 23,908 "
14,1981,"37,318","12,025",2699,19606, 516 ,101.45," 21,276 "
15,1981,"6,952","4,763",460,3541," 1,957 ",100.69," 21,243 "
16,1981,"59,767","24,008",10109,28046, 832 ,100.57," 3,61,893 "
17,1981,"2,84,540","1,15,262",5105,71946," 6,053 ",100.54," 45,297 "
18,1981,"1,49,641","1,03,713",2153,3620," 17,288 ",100.71," 54,256 "
19,1981,"39,143","8,320",1694,20527," 2,384 ",100.29," 13,596 "
20,1981,"1,05,929","52,479",18599,11026," 5,912 ",100.63," 4,55,877 "
21,1981,"12,574","5,146",1045,2287, 439 ,100.49," 30,953 "
22,1981,"42,868","33,226",523,1418, 967 ,100.77," 61,175 "
23,1981,"21,273","15,112",177,590, 550 ,100.21," 35,785 "
24,1981,"1,07,236","77,221",790,2715," 7,808 ",100.81," 5,08,217 "
25,1981,"30,415","24,252",52,4348," 4,545 ",100.56," 15,747 "
26,1981,"26,533","8,757",403,10756," 1,651 ",101.00," 6,623 "
27,1981,"1,89,324","1,63,037",326,18132," 8,310 ",101.18," 15,34,770 "
1,1982,"8,59,113","6,06,146",14471,197275," 2,05,429 ",100.59," 11,13,816 "
2,1982,"1,12,400","72,559",8244,5365," 1,696 ",102.39," 52,897 "
3,1982,"1,14,261","26,511",2117,61964," 6,720 ",101.34," 1,01,713 "
4,1982,"66,330","26,044",7225,23969," 11,163 ",101.33," 53,150 "
5,1982,"47,116","21,775",677,12468," 2,850 ",98.86," 9,181 "
6,1982,"17,360","6,539",1894,6069, 755 ,102.04," 93,165 "
7,1982,"1,63,166","12,712",3296,181892, 49 ,101.01," 7,330 "
8,1982,"71,004","19,271",11317,17318," 1,082 ",102.55," 89,950 "
9,1982,"8,126","3,288",943,5275, 255 ,102.65," 7,063 "
10,1982,"24,242","11,417",6565,3784," 2,772 ",102.48," 15,316 "
11,1982,"1,07,204","39,645",21179,52394," 2,178 ",102.49," 92,282 "
12,1982,"31,263","13,765",1819,20073, 579 ,104.34," 19,248 "
13,1982,"10,396","4,389",933,7418, 511 ,101.55," 25,029 "
14,1982,"40,633","13,500",2611,20804, 523 ,102.93," 23,067 "
15,1982,"6,394","4,498",379,3154," 2,020 ",101.38," 21,990 "
16,1982,"66,685","25,589",12750,30436, 869 ,101.15," 3,93,973 "
17,1982,"2,82,569","1,07,168",4968,74496," 6,489 ",101.08," 48,482 "
18,1982,"1,56,131","1,09,118",2252,3658," 18,183 ",101.43," 56,339 "
19,1982,"47,275","9,858",2100,23740," 2,506 ",100.59," 14,662 "
20,1982,"1,12,798","54,719",24309,12504," 6,490 ",101.27," 4,63,219 "
21,1982,"13,247","5,387",1339,2728, 485 ,100.97," 33,467 "
22,1982,"48,798","37,746",583,1720," 1,062 ",101.54," 65,261 "
23,1982,"23,757","16,171",223,783, 602 ,100.42," 37,014 "
24,1982,"1,17,919","84,913",936,3034," 7,816 ",101.62," 5,45,833 "
25,1982,"32,963","26,683",58,4638," 4,598 ",101.13," 16,821 "
26,1982,"27,347","9,451",421,11281," 1,662 ",102.01," 7,165 "
27,1982,"2,04,126","1,73,991",366,19709," 8,409 ",102.37," 15,49,921 "
1,1983,"9,19,218","6,67,494",13193,198517," 2,08,354 ",100.89," 11,48,001 "
2,1983,"1,22,527","74,659",9671,6382," 1,813 ",103.60," 62,683 "
3,1983,"1,17,356","32,268",2308,65074," 6,888 ",102.01," 1,07,056 "
4,1983,"69,772","28,818",7684,24936," 11,432 ",102.00," 58,364 "
5,1983,"50,515","23,373",587,13783," 2,915 ",98.30," 9,961 "
6,1983,"18,790","7,549",2024,6450, 775 ,103.07," 1,01,932 "
7,1983,"1,62,797","13,641",6072,226952, 52 ,101.52," 9,674 "
8,1983,"78,526","23,719",11976,18536," 1,110 ",103.85," 92,985 "
9,1983,"9,265","3,309",1032,6539, 263 ,104.00," 9,016 "
10,1983,"26,744","12,836",7352,4134," 2,843 ",103.74," 17,789 "
11,1983,"1,03,112","42,686",19159,47498," 2,230 ",103.76," 97,486 "
12,1983,"33,630","16,033",1822,20437, 586 ,106.58," 21,372 "
13,1983,"10,516","4,812",882,6964, 525 ,102.33," 26,266 "
14,1983,"42,700","14,760",2448,20878, 527 ,104.42," 24,839 "
15,1983,"8,031","5,428",458,3982," 2,091 ",102.08," 22,914 "
16,1983,"74,792","27,356",17067,34341, 911 ,101.72," 4,25,298 "
17,1983,"2,98,736","1,12,955",5128,79549," 7,056 ",101.62," 51,214 "
18,1983,"1,63,372","1,15,127",2491,3928," 19,153 ",102.15," 58,581 "
19,1983,"48,636","9,946",2592,26612," 2,633 ",100.88," 15,637 "
20,1983,"1,21,161","57,528",30567,13655," 7,052 ",101.91," 4,69,294 "
21,1983,"14,090","5,693",1678,3132, 525 ,101.46," 36,236 "
22,1983,"53,500","41,299",641,2021," 1,161 ",102.33," 70,258 "
23,1983,"31,517","20,518",344,1239, 658 ,100.62," 39,433 "
24,1983,"1,21,949","87,815",1085,3399," 7,947 ",102.45," 5,82,720 "
25,1983,"33,499","27,523",65,4963," 4,662 ",101.70," 17,986 "
26,1983,"29,003","10,475",479,12757," 1,683 ",103.03," 7,797 "
27,1983,"2,20,267","1,85,814",415,22251," 8,523 ",103.58," 15,74,262 "
1,1984,"9,33,381","6,78,075",14191,201601," 2,08,915 ",101.19," 11,76,052 "
2,1984,"1,34,053","75,534",11766,8101," 1,921 ",104.83," 70,961 "
3,1984,"1,18,523","31,246",2299,64612," 6,979 ",102.69," 1,14,330 "
4,1984,"72,448","29,431",8113,27089," 11,668 ",102.68," 63,984 "
5,1984,"45,728","20,308",580,11021," 2,927 ",97.73," 10,580 "
6,1984,"21,172","8,845",2229,7198, 812 ,104.12," 1,17,336 "
7,1984,"1,82,576","16,060",3604,255705, 57 ,102.04," 12,514 "
8,1984,"87,489","24,678",12408,21359," 1,150 ",105.17," 95,134 "
9,1984,"10,222","3,444",1268,7511, 283 ,105.36," 11,087 "
10,1984,"33,829","15,632",9349,5046," 2,878 ",105.02," 20,532 "
11,1984,"1,17,762","43,385",22358,54961," 2,309 ",105.04," 1,06,051 "
12,1984,"38,522","19,171",2009,21125, 568 ,108.87," 24,012 "
13,1984,"12,462","6,012",935,7316, 559 ,103.12," 27,329 "
14,1984,"48,623","16,294",2853,23566, 568 ,105.94," 27,782 "
15,1984,"8,292","5,360",465,3832," 2,239 ",102.78," 24,507 "
16,1984,"84,061","30,321",19421,37959, 953 ,102.30," 4,54,537 "
17,1984,"2,94,648","1,16,866",5336,78099," 7,944 ",102.17," 53,547 "
18,1984,"1,69,794","1,20,040",2912,4485," 19,978 ",102.87," 60,660 "
19,1984,"49,663","10,507",2894,27724," 2,723 ",101.18," 16,506 "
20,1984,"1,25,834","60,729",32452,13997," 7,293 ",102.55," 4,80,150 "
21,1984,"15,374","6,158",1900,3243, 526 ,101.96," 38,931 "
22,1984,"57,614","44,493",827,2030," 1,222 ",103.11," 76,494 "
23,1984,"34,890","22,571",402,1427, 698 ,100.83," 41,775 "
24,1984,"1,33,417","96,074",1133,3869," 8,329 ",103.28," 6,23,030 "
25,1984,"34,663","28,838",86,4792," 4,719 ",102.27," 19,097 "
26,1984,"30,839","11,487",532,13739," 1,710 ",104.06," 8,453 "
27,1984,"2,33,824","1,97,917",446,22778," 8,607 ",104.80," 15,94,541 "
1,1985,"9,38,181","6,80,206",14529,203642," 2,09,481 ",101.49," 12,00,590 "
2,1985,"1,41,108","79,655",10776,8367," 2,036 ",106.08," 80,269 "
3,1985,"1,16,531","31,232",2133,67434," 7,072 ",103.38," 1,22,261 "
4,1985,"83,527","31,668",8067,32629," 11,910 ",103.36," 69,377 "
5,1985,"41,755","20,988",559,10970," 2,941 ",97.18," 11,191 "
6,1985,"22,712","8,589",2239,7896, 851 ,105.18," 1,33,566 "
7,1985,"1,88,422","16,498",3970,285011, 65 ,102.55," 14,316 "
8,1985,"93,789","25,717",11374,23349," 1,193 ",106.50," 97,326 "
9,1985,"9,299","3,284",1163,6934, 305 ,106.75," 12,600 "
10,1985,"36,695","16,485",9579,5604," 2,914 ",106.31," 23,995 "
11,1985,"1,20,696","45,652",22609,56654," 2,393 ",106.34," 1,14,504 "
12,1985,"41,720","20,293",2181,23010, 551 ,111.21," 27,319 "
13,1985,"12,845","5,298",978,8221, 598 ,103.92," 28,379 "
14,1985,"47,986","14,519",2908,25053, 613 ,107.48," 30,439 "
15,1985,"10,856","7,327",509,4438," 2,398 ",103.49," 26,832 "
16,1985,"92,022","32,727",23441,38738, 998 ,102.89," 4,88,345 "
17,1985,"3,06,422","1,23,482",5503,86695," 8,993 ",102.72," 54,763 "
18,1985,"1,83,519","1,30,162",3266,5242," 20,841 ",103.60," 63,739 "
19,1985,"50,306","10,998",3242,28806," 2,817 ",101.47," 17,561 "
20,1985,"1,33,802","65,621",33779,15261," 7,546 ",103.20," 4,88,528 "
21,1985,"15,762","6,258",2057,3231, 528 ,102.45," 41,626 "
22,1985,"65,511","50,613",958,1947," 1,287 ",103.91," 82,667 "
23,1985,"38,365","24,663",453,1625, 742 ,101.04," 44,348 "
24,1985,"1,43,171","1,03,098",1071,4278," 8,732 ",104.11," 6,65,228 "
25,1985,"37,311","31,428",106,4703," 4,780 ",102.84," 20,477 "
26,1985,"31,307","12,014",546,13783," 1,739 ",105.10," 9,216 "
27,1985,"2,47,750","2,10,411",468,23513," 8,697 ",106.04," 16,16,281 "
1,1986,"9,37,122","6,77,420",14569,203851," 2,10,053 ",101.79," 12,28,458 "
2,1986,"1,56,820","89,410",11185,9402," 2,158 ",107.34," 89,102 "
3,1986,"1,17,517","32,503",2133,66511," 7,168 ",104.06," 1,30,213 "
4,1986,"87,293","34,012",7053,33644," 12,161 ",104.05," 73,641 "
5,1986,"38,348","20,414",491,8722," 2,957 ",96.62," 11,586 "
6,1986,"25,997","10,268",2246,8491, 894 ,106.24," 1,48,667 "
7,1986,"2,08,703","22,812",4528,310806, 75 ,103.07," 15,851 "
8,1986,"1,01,115","26,167",10919,26240," 1,238 ",107.85," 1,03,427 "
9,1986,"12,161","5,494",1238,7336, 330 ,108.15," 14,106 "
10,1986,"38,030","15,993",9401,5876," 2,950 ",107.62," 28,024 "
11,1986,"1,27,711","42,801",22371,60990," 2,481 ",107.66," 1,20,328 "
12,1986,"43,956","20,352",2309,24844, 536 ,113.59," 29,174 "
13,1986,"14,450","6,472",943,8421, 642 ,104.72," 29,814 "
14,1986,"57,263","17,224",3274,29750, 663 ,109.04," 32,904 "
15,1986,"9,168","6,238",432,3846," 2,571 ",104.20," 28,746 "
16,1986,"1,02,979","36,104",26898,38453," 1,044 ",103.47," 5,35,680 "
17,1986,"3,30,403","1,26,434",5716,96742," 10,241 ",103.27," 56,606 "
18,1986,"1,93,546","1,37,715",3522,5721," 21,745 ",104.34," 66,499 "
19,1986,"51,101","11,532",3327,26983," 2,916 ",101.77," 18,534 "
20,1986,"1,40,331","69,919",36308,16750," 7,812 ",103.85," 5,06,188 "
21,1986,"16,895","6,649",2494,3720, 531 ,102.95," 45,015 "
22,1986,"74,597","57,656",1127,1839," 1,357 ",104.71," 88,592 "
23,1986,"42,573","27,194",512,1754, 789 ,101.25," 46,837 "
24,1986,"1,56,336","1,12,578",1070,4951," 9,159 ",104.95," 7,15,142 "
25,1986,"39,584","33,754",130,4576," 4,844 ",103.42," 22,046 "
26,1986,"31,494","12,442",560,14047," 1,771 ",106.16," 10,046 "
27,1986,"2,66,760","2,27,317",480,23193," 8,794 ",107.29," 16,32,854 "
1,1987,"9,21,687","6,66,664",14148,199622," 2,10,631 ",102.10," 12,68,159 "
2,1987,"1,66,786","92,783",11362,10050," 2,289 ",108.61," 96,647 "
3,1987,"1,27,407","33,974",2346,69106," 7,266 ",104.76," 1,34,655 "
4,1987,"87,738","32,674",7118,34858," 12,420 ",104.74," 77,710 "
5,1987,"37,250","20,715",490,7424," 2,974 ",96.07," 11,744 "
6,1987,"25,662","10,172",2075,7876, 940 ,107.32," 1,55,580 "
7,1987,"2,18,898","26,953",7188,313818, 86 ,103.59," 16,526 "
8,1987,"1,05,051","28,740",10198,27513," 1,286 ",109.22," 1,07,485 "
9,1987,"13,525","5,444",1641,9011, 360 ,109.57," 15,515 "
10,1987,"42,015","17,970",9853,6124," 2,987 ",108.94," 32,201 "
11,1987,"1,39,757","47,805",23636,64486," 2,575 ",108.99," 1,30,702 "
12,1987,"47,059","22,394",2389,25120, 522 ,116.03," 30,374 "
13,1987,"17,252","7,635",1067,9553, 694 ,105.53," 32,075 "
14,1987,"58,173","16,149",3422,31217, 718 ,110.63," 34,981 "
15,1987,"9,527","6,371",453,3858," 2,758 ",104.91," 29,461 "
16,1987,"1,12,592","38,905",31227,38743," 1,093 ",104.07," 5,86,027 "
17,1987,"3,49,700","1,33,682",6413,108784," 11,740 ",103.83," 60,618 "
18,1987,"2,01,129","1,43,570",3846,6188," 22,692 ",105.08," 69,668 "
19,1987,"52,558","12,232",3664,26321," 3,018 ",102.07," 19,893 "
20,1987,"1,48,111","74,952",40164,18065," 8,091 ",104.51," 5,17,139 "
21,1987,"18,049","7,040",3503,4872, 538 ,103.45," 48,862 "
22,1987,"79,228","61,259",1309,1726," 1,432 ",105.51," 94,784 "
23,1987,"43,035","27,314",530,1798, 843 ,101.46," 51,098 "
24,1987,"1,71,495","1,23,494",1087,5765," 9,612 ",105.80," 7,56,009 "
25,1987,"40,734","35,157",152,4273," 4,912 ",104.00," 23,910 "
26,1987,"33,685","13,688",621,15229," 1,806 ",107.22," 11,113 "
27,1987,"2,88,696","2,46,833",498,23437," 8,899 ",108.55," 16,80,714 "
1,1988,"10,38,145","7,70,928",15913,209229," 2,14,231 ",102.40," 13,02,539 "
2,1988,"1,78,777","1,07,787",11277,10171," 2,355 ",109.90," 1,03,327 "
3,1988,"1,53,061","43,751",2593,78305," 7,501 ",105.46," 1,46,613 "
4,1988,"92,308","33,102",7439,38043," 12,306 ",105.43," 82,485 "
5,1988,"34,207","18,383",449,5700," 3,012 ",95.52," 12,343 "
6,1988,"29,032","11,282",2223,8728, 953 ,108.41," 1,75,090 "
7,1988,"2,59,627","30,432",6298,341689, 91 ,104.12," 17,814 "
8,1988,"1,17,739","32,809",10017,30569," 1,344 ",110.60," 1,11,352 "
9,1988,"17,138","7,268",1910,9947, 393 ,111.01," 17,149 "
10,1988,"47,551","19,655",10723,6509," 3,019 ",110.28," 35,937 "
11,1988,"1,57,206","56,978",27705,70686," 2,615 ",110.34," 1,37,737 "
12,1988,"46,671","21,479",2700,25301, 543 ,118.52," 32,670 "
13,1988,"19,509","7,445",1359,11411, 731 ,106.35," 35,679 "
14,1988,"67,127","17,349",4243,36929, 747 ,112.24," 36,724 "
15,1988,"9,074","5,752",419,3298," 2,854 ",105.63," 32,522 "
16,1988,"1,25,345","42,678",35843,40016," 1,107 ",104.66," 6,34,176 "
17,1988,"3,73,731","1,43,080",7051,114271," 12,347 ",104.39," 63,896 "
18,1988,"2,13,809","1,53,110",4430,6973," 23,583 ",105.83," 76,112 "
19,1988,"54,391","13,042",4260,28128," 3,077 ",102.37," 21,546 "
20,1988,"1,52,535","78,383",43262,18277," 8,362 ",105.17," 5,31,615 "
21,1988,"19,042","7,361",4417,5511, 566 ,103.95," 54,551 "
22,1988,"88,043","68,103",1622,1681," 1,529 ",106.32," 1,01,030 "
23,1988,"46,033","29,029",579,1947, 902 ,101.67," 55,180 "
24,1988,"1,82,170","1,31,180",1033,6339," 9,757 ",106.66," 7,98,472 "
25,1988,"43,229","37,759",178,4192," 5,110 ",104.58," 25,883 "
26,1988,"35,882","14,986",685,16231," 1,847 ",108.29," 12,263 "
27,1988,"3,11,990","2,67,639",522,24380," 9,411 ",109.83," 17,24,813 "
1,1989,"10,59,933","7,80,096",18389,218639," 2,18,926 ",102.70," 13,35,592 "
2,1989,"1,88,355","1,15,973",11232,10463," 2,400 ",111.20," 1,13,895 "
3,1989,"1,67,183","47,191",3008,87897," 7,791 ",106.16," 1,61,023 "
4,1989,"1,12,418","39,148",9161,48610," 12,075 ",106.13," 89,332 "
5,1989,"36,050","19,335",458,5840," 3,058 ",94.97," 13,196 "
6,1989,"33,773","13,622",2618,10253, 955 ,109.51," 1,98,256 "
7,1989,"2,73,205","34,175",6067,335414, 92 ,104.65," 18,946 "
8,1989,"1,38,293","38,860",10211,35701," 1,408 ",112.00," 1,17,663 "
9,1989,"19,636","6,875",2452,12252, 430 ,112.47," 18,716 "
10,1989,"55,059","23,305",12415,7544," 3,050 ",111.64," 38,800 "
11,1989,"1,70,876","54,536",32717,78514," 2,638 ",111.70," 1,46,916 "
12,1989,"54,343","24,958",3228,27509, 578 ,121.07," 36,157 "
13,1989,"21,825","9,011",1354,10992, 763 ,107.17," 37,804 "
14,1989,"76,215","19,154",5042,41597, 764 ,113.87," 38,456 "
15,1989,"9,598","5,959",413,3056," 2,920 ",106.36," 33,793 "
16,1989,"1,39,618","46,833",43538,42693," 1,108 ",105.26," 6,77,272 "
17,1989,"3,90,015","1,53,146",7396,115916," 12,617 ",104.95," 69,967 "
18,1989,"2,29,255","1,64,694",5047,7555," 24,478 ",106.58," 82,889 "
19,1989,"59,406","14,663",4869,30648," 3,121 ",102.67," 23,313 "
20,1989,"1,59,765","83,346",47583,19041," 8,635 ",105.83," 5,48,368 "
21,1989,"20,575","7,881",4893,5639, 601 ,104.46," 60,701 "
22,1989,"1,07,846","83,455",2082,1611," 1,639 ",107.14," 1,08,862 "
23,1989,"49,653","31,110",622,2070, 964 ,101.88," 61,223 "
24,1989,"1,96,830","1,41,738",952,6938," 9,795 ",107.52," 8,32,195 "
25,1989,"48,163","42,568",208,4143," 5,361 ",105.17," 28,348 "
26,1989,"37,993","16,296",723,17303," 1,890 ",109.37," 13,626 "
27,1989,"3,30,370","2,84,348",533,24926," 10,111 ",111.13," 17,95,734 "
1,1990,"10,93,432","8,11,417",20543,215278," 2,23,726 ",103.01," 14,02,698 "
2,1990,"2,00,373","1,28,109",10368,10122," 2,446 ",112.52," 1,23,278 "
3,1990,"1,61,125","43,853",3188,85216," 8,094 ",106.86," 1,71,295 "
4,1990,"1,19,263","42,487",9350,50945," 11,853 ",106.84," 97,965 "
5,1990,"38,500","19,388",514,6201," 3,107 ",94.43," 13,718 "
6,1990,"36,908","14,546",2999,11230, 957 ,110.62," 2,12,838 "
7,1990,"3,58,032","38,392",7143,418605, 93 ,105.17," 20,970 "
8,1990,"1,53,486","42,966",10743,39496," 1,476 ",113.42," 1,23,640 "
9,1990,"25,434","9,343",2891,14060, 471 ,113.95," 21,309 "
10,1990,"59,777","26,063",13204,8535," 3,082 ",113.02," 41,065 "
11,1990,"1,88,500","61,996",34320,87209," 2,662 ",113.08," 1,62,172 "
12,1990,"58,080","24,532",3997,31409, 616 ,123.67," 39,783 "
13,1990,"26,176","9,250",1833,14825, 797 ,107.99," 40,773 "
14,1990,"80,818","21,064",5790,43721, 781 ,115.52," 40,501 "
15,1990,"10,442","6,097",478,3432," 2,988 ",107.09," 35,147 "
16,1990,"1,48,687","49,964",51495,47024," 1,110 ",105.86," 7,24,168 "
17,1990,"4,56,431","1,71,198",8614,139715," 12,919 ",105.52," 76,049 "
18,1990,"2,37,940","1,73,017",5844,8839," 25,411 ",107.34," 90,135 "
19,1990,"63,325","15,779",4702,32100," 3,167 ",102.97," 25,048 "
20,1990,"1,73,345","87,248",52732,21412," 8,918 ",106.50," 5,63,914 "
21,1990,"21,761","8,403",7078,6029, 638 ,104.97," 66,425 "
22,1990,"1,08,876","85,097",2108,1888," 1,757 ",107.97," 1,16,244 "
23,1990,"56,203","34,984",756,3021," 1,032 ",102.09," 69,958 "
24,1990,"1,99,334","1,43,540",1032,7134," 9,834 ",108.39," 8,67,355 "
25,1990,"52,493","46,142",234,4573," 5,625 ",105.76," 31,299 "
26,1990,"41,035","18,014",758,18368," 1,935 ",110.47," 15,278 "
27,1990,"3,54,568","3,06,187",605,26047," 10,881 ",112.44," 18,89,933 "
1,1991,"10,82,536","7,95,575",24446,209948," 2,28,633 ",103.31," 14,36,227 "
2,1991,"2,12,104","1,32,410",10885,10668," 2,493 ",113.86," 1,28,969 "
3,1991,"1,64,390","44,057",3358,86206," 8,410 ",107.58," 1,79,969 "
4,1991,"1,16,024","41,272",8552,46422," 11,640 ",107.54," 1,06,713 "
5,1991,"37,475","18,248",500,5657," 3,159 ",93.89," 13,978 "
6,1991,"39,873","15,233",3634,12452, 960 ,111.74," 2,19,120 "
7,1991,"3,39,511","37,168",7765,368057, 94 ,105.71," 23,465 "
8,1991,"1,60,480","44,038",11262,41868," 1,547 ",114.86," 1,30,059 "
9,1991,"31,885","9,919",3577,16919, 518 ,115.45," 25,680 "
10,1991,"64,259","27,436",14662,9691," 3,116 ",114.41," 42,950 "
11,1991,"2,07,095","64,131",34317,94156," 2,687 ",114.48," 1,83,546 "
12,1991,"58,226","22,409",4533,32953, 658 ,126.32," 43,076 "
13,1991,"23,549","7,788",1787,13974, 834 ,108.83," 43,375 "
14,1991,"81,074","20,774",6319,43915, 798 ,117.20," 42,605 "
15,1991,"9,958","5,440",489,3372," 3,058 ",107.83," 36,391 "
16,1991,"1,62,812","54,809",56149,51254," 1,111 ",106.46," 7,76,875 "
17,1991,"4,12,854","1,74,723",7479,119755," 13,252 ",106.08," 78,495 "
18,1991,"2,36,404","1,73,971",6364,9539," 26,386 ",108.10," 94,524 "
19,1991,"63,222","15,902",4061,30936," 3,214 ",103.27," 27,306 "
20,1991,"1,90,927","92,591",58620,23410," 9,210 ",107.18," 5,83,785 "
21,1991,"23,186","9,024",9617,6129, 678 ,105.48," 72,498 "
22,1991,"1,24,883","98,578",2310,2366," 1,884 ",108.80," 1,27,271 "
23,1991,"59,521","36,807",843,3912," 1,105 ",102.31," 76,503 "
24,1991,"2,03,514","1,46,551",1146,7373," 9,874 ",109.27," 9,01,395 "
25,1991,"54,398","47,555",249,4476," 5,902 ",106.36," 33,886 "
26,1991,"40,842","18,339",724,18208," 1,981 ",111.57," 16,689 "
27,1991,"3,80,298","3,29,491",659,26642," 11,727 ",113.76," 19,52,690 "
1,1992,"11,33,414","8,48,488",26742,200938," 2,33,650 ",103.62," 14,88,748 "
2,1992,"2,17,100","1,33,629",11555,11814," 2,541 ",115.21," 1,32,642 "
3,1992,"1,81,173","44,775",3661,96100," 8,739 ",108.29," 1,90,320 "
4,1992,"1,20,924","41,617",8461,48982," 11,435 ",108.26," 1,17,168 "
5,1992,"32,139","16,337",792,8809," 3,214 ",93.35," 14,349 "
6,1992,"32,244","12,010",3230,10287, 963 ,112.88," 2,24,853 "
7,1992,"2,62,637","38,714",6681,261673, 96 ,106.24," 25,508 "
8,1992,"1,72,452","51,836",11299,43952," 1,622 ",116.32," 1,36,198 "
9,1992,"31,681","10,642",3250,14967, 570 ,116.97," 29,335 "
10,1992,"61,595","23,545",13877,10195," 3,152 ",115.82," 46,843 "
11,1992,"2,15,393","60,828",34188,102008," 2,713 ",115.90," 2,00,772 "
12,1992,"64,872","24,669",5358,36769, 704 ,129.04," 47,965 "
13,1992,"24,491","8,026",1939,14934, 874 ,109.67," 46,522 "
14,1992,"81,445","19,457",6614,43080, 816 ,118.91," 45,703 "
15,1992,"15,071","7,727",789,5217," 3,131 ",108.57," 38,531 "
16,1992,"1,73,797","58,612",60743,57487," 1,113 ",107.07," 8,18,965 "
17,1992,"4,65,027","1,80,806",8244,133694," 13,617 ",106.66," 83,824 "
18,1992,"2,47,615","1,84,389",7199,10079," 27,403 ",108.87," 1,00,331 "
19,1992,"66,666","16,925",3515,32915," 3,262 ",103.57," 29,478 "
20,1992,"2,06,019","96,128",67276,26696," 9,513 ",107.85," 6,02,571 "
21,1992,"25,934","10,173",13652,6665, 721 ,105.99," 81,102 "
22,1992,"1,26,958","1,01,203",1913,2188," 2,020 ",109.63," 1,34,587 "
23,1992,"64,160","39,414",967,4976," 1,183 ",102.52," 85,919 "
24,1992,"2,13,786","1,53,948",1285,7618," 9,914 ",110.15," 9,33,957 "
25,1992,"56,761","49,348",265,4110," 6,193 ",106.96," 37,144 "
26,1992,"42,515","19,518",716,18288," 2,028 ",112.69," 18,523 "
27,1992,"4,07,999","3,54,655",741,27430," 12,656 ",115.11," 20,47,652 "
1,1993,"11,66,778","8,76,681",26442,201016," 2,38,780 ",103.93," 15,26,837 "
2,1993,"2,25,490","1,35,487",11610,13801," 2,591 ",116.58," 1,37,642 "
3,1993,"2,01,155","52,215",3637,102662," 9,082 ",109.01," 1,99,874 "
4,1993,"1,45,911","52,833",8366,56402," 11,239 ",108.98," 1,30,008 "
5,1993,"34,284","16,778",947,10486," 3,273 ",92.82," 14,882 "
6,1993,"37,220","14,175",3270,11428, 967 ,114.02," 2,29,772 "
7,1993,"2,95,048","43,285",6236,321623, 97 ,106.78," 27,412 "
8,1993,"1,79,344","55,690",9946,46138," 1,700 ",117.79," 1,43,612 "
9,1993,"36,935","11,966",3305,17622, 628 ,118.51," 34,622 "
10,1993,"60,550","23,123",12245,10664," 3,189 ",117.24," 50,983 "
11,1993,"2,08,836","62,700",27468,97371," 2,740 ",117.33," 2,14,176 "
12,1993,"63,876","23,841",4737,34838, 754 ,131.81," 50,541 "
13,1993,"27,312","8,365",2037,17667, 917 ,110.51," 50,151 "
14,1993,"90,545","21,337",6652,45867, 836 ,120.63," 49,152 "
15,1993,"18,607","9,082",1019,7147," 3,207 ",109.32," 41,878 "
16,1993,"1,86,502","63,010",64246,55552," 1,114 ",107.68," 8,61,087 "
17,1993,"4,56,166","1,81,837",7355,135702," 14,015 ",107.23," 87,145 "
18,1993,"2,61,666","1,97,144",6960,11296," 28,467 ",109.64," 1,04,471 "
19,1993,"71,530","18,328",2389,35562," 3,312 ",103.88," 30,609 "
20,1993,"2,26,961","1,01,731",74504,30986," 9,827 ",108.54," 6,29,882 "
21,1993,"29,151","11,524",15264,7637, 767 ,106.50," 90,499 "
22,1993,"1,43,672","1,15,641",1739,2727," 2,166 ",110.48," 1,46,375 "
23,1993,"70,362","42,937",862,6103," 1,268 ",102.73," 95,267 "
24,1993,"2,19,282","1,57,905",1294,7731," 9,956 ",111.04," 9,67,143 "
25,1993,"59,822","51,721",244,4092," 6,498 ",107.56," 39,723 "
26,1993,"44,487","20,870",568,17630," 2,076 ",113.82," 20,019 "
27,1993,"4,43,386","3,86,679",656,28225," 13,678 ",116.46," 21,36,969 "
1,1994,"12,15,219","9,18,025",25511,204882," 2,40,078 ",104.20," 15,57,081 "
2,1994,"2,43,341","1,48,072",11494,14458," 2,604 ",116.67," 1,64,852 "
3,1994,"2,18,641","59,883",4017,110742," 9,301 ",109.97," 2,13,525 "
4,1994,"1,57,713","55,687",10702,58298," 11,225 ",109.89," 1,45,660 "
5,1994,"34,991","16,700",960,11118," 3,421 ",93.18," 15,536 "
6,1994,"42,267","15,687",3649,13126," 1,000 ",114.49," 2,38,683 "
7,1994,"3,13,367","45,858",5302,351885, 99 ,108.37," 27,749 "
8,1994,"1,86,615","57,958",10907,49946," 1,732 ",119.07," 1,48,886 "
9,1994,"38,924","11,628",3641,19149, 653 ,120.14," 38,557 "
10,1994,"65,826","25,728",13172,12029," 3,221 ",117.75," 55,613 "
11,1994,"2,34,764","75,145",29952,105973," 2,829 ",118.30," 2,29,698 "
12,1994,"72,760","25,821",5390,41036, 810 ,134.29," 53,400 "
13,1994,"36,597","12,296",2570,22725, 943 ,109.97," 54,956 "
14,1994,"1,12,784","25,646",8432,57430, 855 ,120.48," 50,831 "
15,1994,"17,515","8,403",921,7124," 3,213 ",110.36," 46,901 "
16,1994,"2,03,582","68,918",71899,64739," 1,116 ",109.00," 8,99,356 "
17,1994,"4,78,725","1,91,622",8319,145025," 14,454 ",107.59," 93,900 "
18,1994,"2,85,414","2,18,529",7437,10812," 29,536 ",110.48," 1,11,649 "
19,1994,"75,120","19,071",2572,35948," 3,459 ",104.66," 32,384 "
20,1994,"2,46,359","1,10,199",81203,32245," 10,267 ",109.27," 6,53,069 "
21,1994,"33,440","13,302",15711,10642, 828 ,107.34," 1,00,262 "
22,1994,"1,52,755","1,21,082",1990,3303," 2,206 ",110.46," 1,66,240 "
23,1994,"79,626","48,232",983,7347," 1,398 ",103.00," 1,05,507 "
24,1994,"2,22,260","1,60,050",1286,7617," 10,014 ",111.41," 10,05,861 "
25,1994,"63,521","54,778",256,3976," 6,779 ",108.05," 42,938 "
26,1994,"45,128","21,936",583,15586," 2,167 ",114.54," 21,864 "
27,1994,"4,56,595","3,94,093",710,30441," 14,125 ",116.58," 22,17,370 "
1,1995,"12,13,891","9,11,642",23596,211323," 2,40,093 ",104.46," 15,84,596 "
2,1995,"2,62,100","1,56,758",12089,15704," 2,606 ",116.34," 1,70,598 "
3,1995,"2,35,078","60,106",4342,118077," 9,479 ",111.01," 2,39,435 "
4,1995,"1,46,423","51,196",11625,56531," 11,274 ",110.87," 1,70,988 "
5,1995,"39,932","20,000",1010,12370," 3,608 ",93.84," 17,675 "
6,1995,"43,457","16,533",4264,14229," 1,045 ",114.74," 2,45,786 "
7,1995,"3,81,687","53,756",6691,430479, 100 ,110.34," 28,790 "
8,1995,"2,18,619","73,726",12264,56820," 1,749 ",120.30," 1,74,458 "
9,1995,"38,979","12,067",4186,21051, 667 ,121.82," 48,418 "
10,1995,"75,532","32,166",15096,14302," 3,253 ",117.95," 67,034 "
11,1995,"2,72,012","90,283",35887,122439," 2,942 ",119.12," 2,50,390 "
12,1995,"94,717","35,395",6648,50756, 871 ,136.70," 60,657 "
13,1995,"39,639","12,523",2862,25730, 964 ,108.97," 61,824 "
14,1995,"1,58,677","39,637",11775,76620, 876 ,119.71," 58,846 "
15,1995,"19,542","9,755",928,7794," 3,202 ",111.50," 56,212 "
16,1995,"2,16,984","73,602",77258,69847," 1,118 ",110.56," 9,32,333 "
17,1995,"5,29,200","2,03,082",10571,174166," 14,920 ",107.88," 1,05,294 "
18,1995,"3,20,277","2,49,141",8170,10270," 30,656 ",111.35," 1,22,167 "
19,1995,"95,114","23,924",3273,45851," 3,647 ",105.62," 34,396 "
20,1995,"2,69,834","1,20,449",88087,31296," 10,769 ",110.03," 6,70,870 "
21,1995,"38,701","15,490",15316,15925, 898 ,108.29," 1,10,811 "
22,1995,"1,72,925","1,34,951",2501,4290," 2,207 ",110.16," 1,93,198 "
23,1995,"95,229","57,254",1186,9523," 1,556 ",103.28," 1,19,381 "
24,1995,"2,37,146","1,70,769",1376,7929," 10,078 ",111.61," 10,35,855 "
25,1995,"70,389","60,546",286,4063," 7,059 ",108.50," 46,238 "
26,1995,"47,172","23,729",616,16541," 2,276 ",115.12," 23,692 "
27,1995,"4,76,905","4,07,333",784,33852," 14,369 ",116.29," 23,01,925 "
1,1996,"13,04,813","10,02,079",21601,214573," 2,40,128 ",104.72," 16,15,593 "
2,1996,"2,61,280","1,57,628",12319,16147," 2,608 ",116.01," 1,66,919 "
3,1996,"2,57,689","62,402",4783,128073," 9,664 ",112.06," 2,59,784 "
4,1996,"1,73,116","62,605",13563,66199," 11,326 ",111.86," 1,94,726 "
5,1996,"46,074","22,488",1108,14999," 3,806 ",94.51," 19,724 "
6,1996,"45,742","16,826",4249,14965," 1,093 ",114.99," 2,51,120 "
7,1996,"4,21,793","67,917",8093,425142, 102 ,112.35," 33,458 "
8,1996,"2,52,455","81,905",13912,66479," 1,766 ",121.54," 1,94,283 "
9,1996,"57,284","18,259",5557,30430, 681 ,123.52," 70,868 "
10,1996,"94,391","42,534",16443,16720," 3,286 ",118.15," 81,031 "
11,1996,"2,74,671","97,127",33606,115401," 3,061 ",119.95," 2,67,538 "
12,1996,"1,01,887","38,543",7006,53707, 937 ,139.15," 67,617 "
13,1996,"41,766","12,738",2965,27146, 985 ,107.98," 68,753 "
14,1996,"1,52,062","38,115",11628,73245, 898 ,118.94," 75,107 "
15,1996,"21,112","10,313",884,8767," 3,197 ",112.66," 62,585 "
16,1996,"2,28,337","77,607",69947,73593," 1,120 ",112.15," 9,67,953 "
17,1996,"5,38,468","2,06,888",11588,179046," 15,422 ",108.17," 1,09,531 "
18,1996,"3,39,682","2,68,391",8673,9942," 31,850 ",112.22," 1,28,185 "
19,1996,"1,08,334","26,994",4032,53504," 3,847 ",106.58," 35,818 "
20,1996,"2,91,234","1,29,733",98224,33517," 11,299 ",110.80," 6,90,406 "
21,1996,"42,593","17,152",15896,18216, 976 ,109.25," 1,19,861 "
22,1996,"1,90,579","1,46,395",2946,4850," 2,210 ",109.86," 2,23,353 "
23,1996,"1,07,942","64,411",1440,11959," 1,732 ",103.57," 1,38,396 "
24,1996,"2,46,933","1,77,817",1424,8142," 10,145 ",111.80," 10,62,959 "
25,1996,"77,290","66,311",308,4216," 7,351 ",108.96," 49,845 "
26,1996,"49,442","25,708",674,18200," 2,392 ",115.70," 25,658 "
27,1996,"5,02,418","4,24,606",938,38936," 14,627 ",116.00," 24,03,389 "
1,1997,"12,91,701","9,76,489",19705,227474," 2,40,181 ",104.98," 16,48,923 "
2,1997,"2,75,716","1,73,091",11237,16631," 2,610 ",115.67," 1,65,230 "
3,1997,"2,77,645","71,060",4813,140724," 9,855 ",113.12," 2,79,584 "
4,1997,"1,94,482","65,935",15050,76402," 11,381 ",112.86," 2,23,023 "
5,1997,"40,295","19,760",1009,15400," 4,016 ",95.18," 22,057 "
6,1997,"43,416","14,762",3537,14644," 1,145 ",115.23," 2,57,606 "
7,1997,"3,76,643","57,175",6355,391506, 104 ,114.40," 36,725 "
8,1997,"2,77,802","78,053",14793,81588," 1,783 ",122.79," 2,31,690 "
9,1997,"61,554","18,038",5270,33604, 695 ,125.25," 76,985 "
10,1997,"90,571","36,025",14556,18931," 3,320 ",118.35," 97,958 "
11,1997,"2,97,796","93,552",34604,131976," 3,186 ",120.78," 2,93,585 "
12,1997,"90,919","32,706",5723,49041," 1,010 ",141.65," 73,661 "
13,1997,"49,584","13,870",3227,32894," 1,007 ",106.99," 76,780 "
14,1997,"1,52,355","36,557",11050,74649, 920 ,118.17," 82,893 "
15,1997,"27,667","13,033",961,11968," 3,200 ",113.83," 69,077 "
16,1997,"2,45,473","83,598",64630,78905," 1,122 ",113.76," 10,03,158 "
17,1997,"5,82,866","2,28,555",11842,195399," 15,960 ",108.46," 1,26,764 "
18,1997,"3,60,030","2,88,874",8384,9056," 33,120 ",113.10," 1,36,240 "
19,1997,"1,18,172","29,168",4284,59548," 4,058 ",107.56," 37,243 "
20,1997,"3,06,350","1,36,183",103757,35916," 11,859 ",111.57," 6,99,747 "
21,1997,"50,857","20,605",15086,22401," 1,060 ",110.21," 1,29,431 "
22,1997,"2,30,014","1,73,870",3363,5737," 2,213 ",109.56," 2,41,619 "
23,1997,"1,33,076","78,810",1716,15835," 1,928 ",103.86," 1,67,445 "
24,1997,"2,82,180","2,03,198",1513,9039," 10,213 ",112.00," 10,88,287 "
25,1997,"85,996","73,591",318,4113," 7,657 ",109.42," 55,502 "
26,1997,"51,631","27,721",669,18089," 2,514 ",116.29," 28,633 "
27,1997,"5,15,644","4,31,146",981,42141," 14,899 ",115.71," 25,26,744 "
1,1998,"13,65,631","10,38,207",18538,238806," 2,40,252 ",105.25," 16,93,711 "
2,1998,"2,74,210","1,77,981",10607,15463," 2,613 ",115.34," 1,63,394 "
3,1998,"2,87,810","72,177",5829,159845," 10,053 ",114.19," 2,92,045 "
4,1998,"1,78,851","61,582",15624,72256," 11,439 ",113.86," 2,40,527 "
5,1998,"42,294","19,535",1384,18508," 4,239 ",95.85," 24,986 "
6,1998,"43,795","15,457",3598,14614," 1,199 ",115.48," 2,61,557 "
7,1998,"3,94,484","55,979",11634,432343, 106 ,116.48," 58,265 "
8,1998,"2,91,402","92,757",15519,86416," 1,802 ",124.06," 2,48,964 "
9,1998,"70,135","19,060",6145,39016, 710 ,127.00," 79,404 "
10,1998,"84,411","32,567",13926,19531," 3,356 ",118.55," 1,15,265 "
11,1998,"2,88,666","97,582",32426,122305," 3,317 ",121.61," 3,34,497 "
12,1998,"1,06,876","36,997",6963,59477," 1,090 ",144.19," 83,517 "
13,1998,"51,225","15,851",3242,32557," 1,030 ",106.02," 82,913 "
14,1998,"1,31,784","30,749",10260,66046, 944 ,117.41," 92,000 "
15,1998,"33,198","15,216",1095,15346," 3,210 ",115.01," 74,739 "
16,1998,"2,62,212","89,476",71480,98617," 1,124 ",115.40," 10,48,043 "
17,1998,"6,47,847","2,42,897",14935,225912," 16,536 ",108.75," 1,41,381 "
18,1998,"3,80,165","3,09,682",8806,7878," 34,472 ",113.98," 1,48,178 "
19,1998,"1,35,975","33,242",5136,65874," 4,280 ",108.54," 39,188 "
20,1998,"3,22,371","1,43,006",117267,37502," 12,449 ",112.35," 7,12,759 "
21,1998,"60,404","24,622",15798,27002," 1,152 ",111.19," 1,39,058 "
22,1998,"2,55,205","1,89,787",3960,6538," 2,216 ",109.25," 2,61,692 "
23,1998,"1,67,624","94,242",2570,23514," 2,148 ",104.14," 2,07,801 "
24,1998,"3,11,979","2,24,656",1788,10052," 10,284 ",112.19," 11,25,980 "
25,1998,"96,037","81,970",377,3967," 7,977 ",109.88," 65,309 "
26,1998,"54,846","30,376",770,16772," 2,645 ",116.88," 33,742 "
27,1998,"5,28,299","4,45,210",1051,42149," 15,187 ",115.41," 26,71,043 "
1,1999,"14,18,363","10,65,918",22522,255277," 2,40,340 ",105.51," 17,72,921 "
2,1999,"2,89,155","1,85,439",10159,17445," 2,616 ",115.01," 1,67,133 "
3,1999,"3,06,609","74,709",5899,168534," 10,257 ",115.27," 3,20,579 "
4,1999,"1,96,958","65,184",14487,80223," 11,499 ",114.88," 2,65,237 "
5,1999,"39,688","16,839",1031,15613," 4,476 ",96.53," 28,084 "
6,1999,"42,805","15,181",3461,15087," 1,257 ",115.73," 2,63,462 "
7,1999,"4,45,231","51,556",10080,468403, 108 ,118.61," 70,481 "
8,1999,"3,12,918","93,916",17725,100095," 1,822 ",125.34," 2,66,106 "
9,1999,"75,935","20,200",5492,42660, 725 ,128.77," 82,253 "
10,1999,"1,16,131","45,071",17645,25709," 3,394 ",118.75," 1,31,047 "
11,1999,"3,15,377","1,01,866",38393,134804," 3,455 ",122.46," 3,29,038 "
12,1999,"1,04,961","37,068",5790,59126," 1,178 ",146.78," 87,977 "
13,1999,"53,564","14,578",2995,35540," 1,053 ",105.05," 93,727 "
14,1999,"1,75,764","39,096",11917,92076, 969 ,116.65," 1,03,990 "
15,1999,"39,379","16,038",1036,18222," 3,228 ",116.20," 80,636 "
16,1999,"2,83,902","94,275",73471,88527," 1,126 ",117.06," 10,85,288 "
17,1999,"7,34,410","2,63,281",18323,283413," 17,150 ",109.04," 1,62,733 "
18,1999,"4,05,900","3,31,489",8897,8310," 35,911 ",114.88," 1,57,052 "
19,1999,"1,49,194","36,492",5139,71269," 4,516 ",109.53," 40,218 "
20,1999,"3,50,689","1,53,213",125193,44011," 13,073 ",113.13," 7,34,816 "
21,1999,"75,385","30,071",15227,29692," 1,252 ",112.17," 1,52,831 "
22,1999,"2,89,211","2,14,543",4520,7477," 2,220 ",108.96," 2,81,993 "
23,1999,"1,97,349","1,16,196",2819,24290," 2,393 ",104.43," 2,73,412 "
24,1999,"3,53,903","2,54,846",1811,11114," 10,357 ",112.39," 11,65,229 "
25,1999,"1,09,240","93,695",434,4242," 8,311 ",110.34," 73,663 "
26,1999,"60,878","34,748",808,16378," 2,783 ",117.47," 38,107 "
27,1999,"5,53,109","4,59,644",1130,47515," 15,491 ",115.12," 28,88,519 "
1,2000,"14,08,166","10,65,837",19489,249100," 2,42,985 ",105.78," 18,38,871 "
2,2000,"2,98,251","1,89,727",9644,20125," 2,619 ",116.75," 1,64,923 "
3,2000,"3,35,483","80,833",5448,174933," 10,304 ",116.04," 3,43,728 "
4,2000,"2,10,219","71,367",12958,83985," 11,993 ",115.74," 2,83,872 "
5,2000,"41,069","17,924",805,14830," 4,629 ",97.33," 32,484 "
6,2000,"38,908","13,956",2888,14279," 1,322 ",117.81," 2,64,485 "
7,2000,"5,15,608","53,627",9650,639468, 110 ,121.60," 81,347 "
8,2000,"3,35,924","1,01,887",18366,106137," 1,862 ",125.95," 2,76,468 "
9,2000,"83,582","29,676",4668,43489, 741 ,128.40," 83,728 "
10,2000,"1,16,459","45,094",16720,26181," 3,544 ",118.78," 1,52,336 "
11,2000,"3,24,565","1,07,070",40069,134813," 3,530 ",122.74," 3,33,906 "
12,2000,"1,03,883","38,409",4693,58682," 1,262 ",148.38," 92,190 "
13,2000,"64,221","17,817",3039,42961," 1,077 ",105.81," 1,03,619 "
14,2000,"1,71,068","38,772",9695,91655, 995 ,118.38," 1,09,978 "
15,2000,"36,094","15,063",696,15840," 3,418 ",116.71," 87,368 "
16,2000,"2,98,496","96,385",76053,83718," 1,151 ",118.12," 11,19,674 "
17,2000,"7,55,692","2,79,465",17787,286431," 18,533 ",109.36," 1,79,612 "
18,2000,"4,25,035","3,48,000",8057,8768," 37,210 ",115.60," 1,65,161 "
19,2000,"1,59,511","39,035",4777,77708," 4,780 ",110.10," 43,901 "
20,2000,"3,81,256","1,64,007",116021,50193," 13,674 ",113.90," 7,59,435 "
21,2000,"96,356","37,597",14589,34999," 1,361 ",112.65," 1,73,722 "
22,2000,"2,82,996","2,09,411",3563,7319," 2,335 ",109.15," 2,97,417 "
23,2000,"2,46,017","1,45,113",3303,28305," 2,660 ",105.48," 3,47,250 "
24,2000,"3,57,150","2,59,566",1425,10895," 10,127 ",112.92," 12,11,301 "
25,2000,"1,15,789","99,794",399,4376," 8,793 ",110.90," 81,618 "
26,2000,"65,937","38,753",767,16900," 2,938 ",118.27," 42,504 "
27,2000,"5,66,030","4,72,578",972,45572," 15,818 ",116.31," 30,82,136 "
1,2001,"15,07,237","11,29,863",21888,274173," 2,46,556 ",106.06," 19,36,847 "
2,2001,"3,04,159","1,93,260",9125,21522," 2,623 ",119.23," 1,63,263 "
3,2001,"3,45,566","80,587",5412,179376," 10,298 ",116.72," 3,52,674 "
4,2001,"2,10,506","69,880",11057,85005," 12,681 ",116.54," 2,86,264 "
5,2001,"38,167","15,538",671,13240," 4,757 ",98.18," 34,266 "
6,2001,"41,216","14,496",2761,15585," 1,392 ",120.55," 2,68,452 "
7,2001,"5,73,707","60,547",5632,789939, 113 ,124.95," 1,18,318 "
8,2001,"3,48,417","1,07,701",18568,108233," 1,912 ",126.33," 2,74,823 "
9,2001,"87,961","32,633",4193,46860, 757 ,127.31," 82,978 "
10,2001,"1,18,509","45,972",17081,27006," 3,741 ",118.74," 1,69,205 "
11,2001,"3,30,900","1,08,433",41757,134775," 3,584 ",122.83," 3,31,973 "
12,2001,"93,472","34,689",3850,56365," 1,290 ",149.65," 93,312 "
13,2001,"69,131","19,670",2884,47154," 1,102 ",107.16," 1,07,284 "
14,2001,"1,82,547","41,778",8805,99436," 1,022 ",121.00," 1,09,036 "
15,2001,"39,989","14,610",630,18871," 3,682 ",116.99," 90,362 "
16,2001,"3,12,883","98,163",78510,81386," 1,184 ",119.00," 11,54,073 "
17,2001,"8,97,725","2,90,607",23099,362124," 20,045 ",109.69," 2,27,128 "
18,2001,"4,65,587","3,82,170",8340,9468," 38,516 ",116.26," 1,79,441 "
19,2001,"1,71,947","42,099",4703,82378," 5,065 ",110.54," 47,670 "
20,2001,"4,04,817","1,71,423",120989,56187," 14,285 ",114.67," 7,82,445 "
21,2001,"1,17,695","44,897",16042,45196," 1,482 ",112.97," 1,90,318 "
22,2001,"3,06,394","2,26,161",4002,8579," 2,497 ",109.52," 3,22,784 "
23,2001,"2,76,758","1,63,540",3722,30274," 2,956 ",106.79," 4,61,195 "
24,2001,"3,71,302","2,66,932",1402,11723," 9,807 ",113.57," 12,76,757 "
25,2001,"1,19,485","1,03,478",418,4453," 9,355 ",111.48," 93,296 "
26,2001,"68,920","41,674",772,17233," 3,107 ",119.14," 49,376 "
27,2001,"5,79,428","4,86,013",880,43698," 16,160 ",118.01," 33,77,105 "
1,2002,"14,13,252","10,55,244",21638,259680," 2,50,218 ",106.34," 20,14,059 "
2,2002,"3,22,423","2,09,525",10094,25599," 2,627 ",121.75," 1,63,211 "
3,2002,"4,09,015","91,409",7134,222347," 10,295 ",117.40," 3,73,368 "
4,2002,"2,26,496","74,561",11064,92505," 13,430 ",117.36," 3,03,693 "
5,2002,"33,833","13,149",589,12178," 4,892 ",99.04," 37,275 "
6,2002,"45,533","15,563",2896,17562," 1,467 ",123.36," 2,72,847 "
7,2002,"6,00,378","72,979",3026,835320, 115 ,128.40," 1,23,535 "
8,2002,"3,58,799","1,12,216",20188,112280," 1,966 ",126.71," 2,76,892 "
9,2002,"72,353","22,311",3791,44176, 774 ,126.23," 83,933 "
10,2002,"1,25,547","48,565",18334,28282," 3,948 ",118.71," 1,83,317 "
11,2002,"3,77,625","1,20,997",53627,151946," 3,640 ",122.92," 3,33,701 "
12,2002,"1,04,461","37,179",4108,65352," 1,320 ",150.93," 99,512 "
13,2002,"60,653","18,247",2245,39865," 1,127 ",108.52," 1,16,733 "
14,2002,"2,09,658","48,104",9030,112961," 1,050 ",123.67," 1,12,091 "
15,2002,"41,493","13,166",529,20691," 3,965 ",117.27," 97,371 "
16,2002,"3,37,589","1,02,820",99121,94162," 1,219 ",119.87," 11,80,275 "
17,2002,"8,89,894","3,14,683",23568,350494," 21,702 ",110.03," 2,76,286 "
18,2002,"4,96,822","4,08,842",8680,10118," 39,912 ",116.93," 1,87,456 "
19,2002,"1,81,675","44,502",4716,86386," 5,367 ",110.97," 48,508 "
20,2002,"4,49,238","1,87,217",133685,65545," 14,927 ",115.44," 8,22,719 "
21,2002,"1,48,405","55,318",14646,47607," 1,616 ",113.28," 1,99,889 "
22,2002,"3,41,405","2,51,374",4699,9753," 2,670 ",109.88," 3,33,477 "
23,2002,"3,07,546","1,82,062",4211,31459," 3,284 ",108.12," 5,77,819 "
24,2002,"3,69,390","2,70,872",1220,11064," 9,501 ",114.22," 13,45,929 "
25,2002,"1,26,157","1,09,782",447,4584," 9,961 ",112.07," 1,06,557 "
26,2002,"72,262","44,918",790,18075," 3,286 ",120.02," 57,284 "
27,2002,"5,90,960","4,97,979",793,40716," 16,524 ",119.73," 36,52,323 "
1,2003,"14,92,614","11,50,729",21695,248596," 2,53,972 ",106.62," 20,83,027 "
2,2003,"3,37,420","2,15,181",10624,29365," 2,631 ",124.33," 1,61,592 "
3,2003,"4,44,649","94,441",8405,255158," 10,293 ",118.08," 4,00,315 "
4,2003,"2,28,052","73,285",10880,94153," 14,248 ",118.18," 3,28,453 "
5,2003,"35,727","13,657",581,12918," 5,034 ",99.90," 40,735 "
6,2003,"54,949","18,025",3195,21654," 1,547 ",126.23," 2,75,192 "
7,2003,"6,20,833","77,749",9108,919215, 118 ,131.94," 1,28,873 "
8,2003,"3,86,759","1,21,236",22350,118420," 2,024 ",127.10," 2,79,880 "
9,2003,"75,088","21,043",3815,49839, 791 ,125.16," 88,571 "
10,2003,"1,31,269","50,300",19568,30223," 4,168 ",118.68," 1,99,461 "
11,2003,"4,21,577","1,30,150",72872,170885," 3,698 ",123.02," 3,59,767 "
12,2003,"1,12,122","40,451",4007,66665," 1,352 ",152.22," 1,09,692 "
13,2003,"71,918","21,978",2335,44790," 1,153 ",109.90," 1,27,556 "
14,2003,"2,46,822","56,207",9222,125771," 1,080 ",126.40," 1,18,318 "
15,2003,"52,945","14,486",490,27987," 4,271 ",117.54," 1,07,474 "
16,2003,"3,64,111","1,07,560",106661,97282," 1,254 ",120.76," 12,34,753 "
17,2003,"9,56,162","3,53,801",27530,386067," 23,517 ",110.36," 3,36,220 "
18,2003,"5,46,204","4,50,615",9470,11022," 41,405 ",117.61," 2,09,458 "
19,2003,"1,97,232","48,337",4900,90822," 5,687 ",111.41," 52,222 "
20,2003,"5,06,285","2,07,590",154094,80118," 15,601 ",116.22," 8,63,985 "
21,2003,"1,91,164","69,590",16848,61406," 1,768 ",113.59," 2,00,964 "
22,2003,"3,51,449","2,58,122",5253,11071," 2,855 ",110.25," 3,50,415 "
23,2003,"3,62,031","2,14,701",5185,33701," 3,649 ",109.47," 6,96,703 "
24,2003,"3,73,426","2,77,229",1111,10699," 9,208 ",114.88," 14,03,817 "
25,2003,"1,35,376","1,18,369",486,4845," 10,613 ",112.66," 1,20,710 "
26,2003,"78,063","49,847",850,19143," 3,476 ",120.90," 66,199 "
27,2003,"6,04,088","5,11,387",731,37088," 16,912 ",121.48," 38,86,475 "
1,2004,"15,17,320","11,52,841",21386,266473," 2,57,824 ",106.90," 21,61,853 "
2,2004,"3,54,779","2,32,212",12260,32554," 2,636 ",126.97," 1,83,466 "
3,2004,"4,82,304","97,336",8907,282683," 10,293 ",118.77," 4,41,969 "
4,2004,"2,59,546","81,665",11965,109935," 15,141 ",119.00," 3,74,062 "
5,2004,"34,289","12,458",499,12002," 5,184 ",100.77," 44,571 "
6,2004,"63,574","19,839",3295,25341," 1,633 ",129.17," 2,82,282 "
7,2004,"6,25,161","78,520",10338,840032, 122 ,135.58," 1,30,749 "
8,2004,"4,43,543","1,39,170",22605,129259," 2,085 ",127.49," 2,90,555 "
9,2004,"85,276","22,667",3778,55867, 809 ,124.10," 1,01,003 "
10,2004,"1,34,532","51,001",19469,30327," 4,400 ",118.64," 2,23,411 "
11,2004,"4,61,467","1,36,966",82505,198449," 3,756 ",123.11," 4,01,999 "
12,2004,"1,29,550","46,650",3964,73457," 1,385 ",153.52," 1,29,948 "
13,2004,"93,868","27,494",2973,54817," 1,180 ",111.29," 1,40,990 "
14,2004,"2,59,239","58,466",10186,127190," 1,112 ",129.19," 1,35,277 "
15,2004,"67,062","15,415",672,36575," 4,600 ",117.82," 1,22,924 "
16,2004,"3,64,548","1,16,105",90261,86715," 1,292 ",121.65," 12,79,919 "
17,2004,"11,41,028","4,11,620",29225,444993," 25,506 ",110.70," 4,12,623 "
18,2004,"5,85,731","4,83,515",9964,12915," 43,002 ",118.28," 2,32,348 "
19,2004,"2,20,592","53,852",5024,106426," 6,027 ",111.85," 58,411 "
20,2004,"5,58,373","2,31,164",151422,86911," 16,309 ",117.01," 9,07,969 "
21,2004,"2,32,140","84,172",18402,67459," 1,939 ",113.91," 2,09,535 "
22,2004,"3,73,553","2,78,996",5072,11043," 3,054 ",110.62," 3,62,492 "
23,2004,"4,19,757","2,52,454",6288,34759," 4,056 ",110.83," 8,33,203 "
24,2004,"4,06,894","2,95,462",1273,12478," 8,926 ",115.54," 14,95,417 "
25,2004,"1,44,504","1,26,341",460,4674," 11,317 ",113.25," 1,41,227 "
26,2004,"87,577","55,443",855,21187," 3,679 ",121.79," 79,876 "
27,2004,"6,19,064","5,25,179",780,34054," 17,325 ",123.26," 41,22,853 "
1,2005,"15,85,919","12,08,285",19733,276286," 2,54,693 ",107.28," 22,51,199 "
2,2005,"3,69,790","2,46,422",13154,34844," 2,630 ",130.68," 2,09,087 "
3,2005,"5,16,140","1,08,894",9162,307785," 10,400 ",119.73," 4,63,195 "
4,2005,"3,05,102","95,081",13579,137407," 15,173 ",119.66," 4,07,877 "
5,2005,"42,248","15,460",561,19037," 5,048 ",101.20," 45,447 "
6,2005,"70,361","23,382",3112,28078," 1,642 ",130.20," 2,88,101 "
7,2005,"5,13,606","71,055",11750,712192, 115 ,136.63," 1,53,369 "
8,2005,"4,69,551","1,46,813",22341,144955," 2,075 ",129.47," 3,14,430 "
9,2005,"66,691","17,346",2884,50319, 847 ,124.26," 1,06,280 "
10,2005,"1,56,866","58,777",19898,32899," 4,501 ",119.23," 2,36,809 "
11,2005,"5,35,741","1,42,977",76835,213080," 3,845 ",123.63," 4,52,251 "
12,2005,"1,60,275","56,108",3688,85713," 1,437 ",154.33," 1,46,588 "
13,2005,"1,29,419","39,961",3546,66108," 1,284 ",113.03," 1,55,787 "
14,2005,"2,22,649","67,085",8463,102267," 1,162 ",131.55," 1,46,780 "
15,2005,"86,340","18,367",824,44465," 4,822 ",118.07," 1,30,352 "
16,2005,"3,61,383","1,23,440",76225,80473," 1,331 ",122.53," 13,42,331 "
17,2005,"12,92,797","4,64,605",28166,530707," 27,811 ",110.93," 4,77,039 "
18,2005,"6,43,781","5,31,753",10522,15092," 43,835 ",118.96," 2,68,068 "
19,2005,"2,53,318","61,600",5199,125829," 6,295 ",112.91," 68,425 "
20,2005,"6,06,320","2,53,420",143931,93283," 16,796 ",117.79," 9,62,942 "
21,2005,"2,39,809","86,607",20117,82475," 1,955 ",115.49," 2,21,500 "
22,2005,"4,10,923","3,12,009",5939,13218," 3,233 ",111.25," 3,83,444 "
23,2005,"4,83,850","2,95,058",7633,35801," 4,453 ",111.64," 9,63,878 "
24,2005,"4,24,903","3,08,660",1330,13419," 8,794 ",116.56," 16,04,598 "
25,2005,"1,61,094","1,40,836",469,5112," 11,774 ",113.79," 1,65,961 "
26,2005,"98,249","61,662",847,23454," 3,822 ",122.69," 95,933 "
27,2005,"6,49,626","5,52,276",891,34895," 17,876 ",124.40," 43,79,939 "
1,2006,"16,34,067","12,43,794",19601,282649," 2,49,398 ",107.71," 23,46,576 "
2,2006,"3,93,107","2,57,982",15691,38538," 2,620 ",134.86," 2,42,550 "
3,2006,"6,93,148","1,43,514",12168,403703," 10,547 ",120.77," 5,13,710 "
4,2006,"3,82,410","1,13,535",17325,180649," 14,913 ",120.26," 4,79,677 "
5,2006,"45,116","16,840",586,19382," 4,826 ",101.48," 48,895 "
6,2006,"81,605","26,797",3352,32192," 1,625 ",130.58," 3,02,061 "
7,2006,"5,69,677","79,960",12391,769294, 120 ,136.82," 1,57,437 "
8,2006,"5,29,167","1,64,256",22791,160459," 2,048 ",132.02," 3,47,221 "
9,2006,"75,079","19,005",2889,57582, 891 ,124.83," 1,16,714 "
10,2006,"1,75,063","65,605",26973,43159," 4,561 ",120.03," 2,59,266 "
11,2006,"6,65,284","1,78,548",98889,265824," 3,947 ",124.29," 5,18,599 "
12,2006,"1,73,656","63,398",3277,93347," 1,499 ",154.96," 1,70,626 "
13,2006,"1,58,618","44,843",4892,86009," 1,425 ",114.90," 1,71,830 "
14,2006,"2,59,679","75,327",9950,112427," 1,221 ",133.79," 1,64,920 "
15,2006,"1,07,405","22,884",1103,55590," 5,010 ",118.31," 1,45,436 "
16,2006,"3,65,682","1,33,351",74814,77163," 1,372 ",123.40," 14,28,388 "
17,2006,"14,48,285","5,14,181",28259,610538," 30,412 ",111.13," 5,80,708 "
18,2006,"7,07,482","5,84,720",11501,17675," 44,402 ",119.64," 3,06,017 "
19,2006,"2,84,836","68,994",5192,141703," 6,546 ",114.20," 79,664 "
20,2006,"6,58,340","2,77,776",145500,98493," 17,209 ",118.57," 10,18,203 "
21,2006,"2,45,415","88,278",21948,101135," 1,917 ",117.52," 2,32,021 "
22,2006,"4,56,012","3,51,907",6947,15867," 3,412 ",111.99," 4,13,185 "
23,2006,"5,20,624","3,21,847",8784,35318," 4,870 ",112.25," 11,03,807 "
24,2006,"4,39,565","3,15,270",1449,14635," 8,709 ",117.72," 17,32,941 "
25,2006,"1,52,739","1,33,522",456,5165," 12,148 ",114.31," 1,91,776 "
26,2006,"1,16,054","72,203",812,24751," 3,948 ",123.59," 1,12,380 "
27,2006,"6,71,809","5,72,344",1008,35764," 18,355 ",125.35," 46,17,237 "
1,2007,"17,11,135","13,12,283",20138,285266," 2,44,302 ",108.13," 24,59,370 "
2,2007,"4,27,204","2,69,872",20347,45141," 2,611 ",139.17," 2,81,865 "
3,2007,"7,32,690","1,48,150",11854,381529," 10,699 ",121.83," 5,66,729 "
4,2007,"3,69,389","1,10,206",15624,165042," 14,665 ",120.87," 5,55,360 "
5,2007,"39,696","15,064",519,18944," 4,616 ",101.77," 53,204 "
6,2007,"95,817","31,405",3338,34673," 1,609 ",130.96," 3,18,281 "
7,2007,"7,45,901","1,02,857",13850,887080, 125 ,137.00," 1,62,310 "
8,2007,"5,71,297","1,77,245",23335,172789," 2,031 ",134.62," 3,80,076 "
9,2007,"94,004","25,204",2962,70280, 939 ,125.39," 1,30,431 "
10,2007,"1,70,973","63,686",34523,51263," 4,626 ",120.84," 2,92,199 "
11,2007,"7,27,074","1,95,216",114707,319469," 4,054 ",124.95," 6,02,499 "
12,2007,"1,88,158","68,121",2842,106054," 1,566 ",155.60," 1,98,208 "
13,2007,"1,70,335","47,955",5747,95841," 1,586 ",116.80," 1,92,741 "
14,2007,"2,69,094","77,928",10517,109658," 1,284 ",136.07," 2,04,089 "
15,2007,"98,332","21,247",1111,51682," 5,206 ",118.55," 1,62,811 "
16,2007,"3,72,684","1,44,508",77148,75866," 1,414 ",124.28," 15,25,914 "
17,2007,"16,30,744","5,74,451",28952,702060," 33,308 ",111.33," 7,00,849 "
18,2007,"7,47,955","6,18,540",12766,20156," 44,981 ",120.31," 3,45,308 "
19,2007,"3,14,676","75,922",5114,159826," 6,810 ",115.51," 92,257 "
20,2007,"7,11,787","3,03,152",154737,101505," 17,634 ",119.35," 11,04,888 "
21,2007,"2,66,310","95,411",25316,119009," 1,882 ",119.59," 2,46,960 "
22,2007,"4,92,628","3,86,282",7776,17665," 3,601 ",112.73," 4,53,532 "
23,2007,"5,70,414","3,57,409",10284,34124," 5,327 ",112.87," 12,55,313 "
24,2007,"4,82,476","3,39,457",1777,17094," 8,625 ",118.89," 18,81,499 "
25,2007,"1,68,008","1,46,860",483,5371," 12,533 ",114.83," 2,22,779 "
26,2007,"1,24,016","76,479",849,26281," 4,080 ",124.50," 1,31,849 "
27,2007,"7,07,419","6,03,955",1214,37575," 18,878 ",126.30," 48,85,754 "
1,2008,"17,15,495","13,09,079",22853,284168," 2,39,397 ",108.56," 26,08,998 "
2,2008,"4,33,493","2,63,137",21505,52060," 2,603 ",143.62," 3,18,908 "
3,2008,"7,61,810","1,53,702",12811,433196," 10,856 ",122.90," 5,84,643 "
4,2008,"4,27,269","1,24,690",18259,195774," 14,428 ",121.48," 5,77,334 "
5,2008,"44,551","16,565",539,21962," 4,417 ",102.05," 54,418 "
6,2008,"97,790","29,641",4703,46856," 1,593 ",131.34," 3,24,453 "
7,2008,"6,97,224","92,800",16401,827234, 132 ,137.18," 1,69,471 "
8,2008,"5,39,272","1,62,743",26346,218076," 2,022 ",137.27," 4,11,356 "
9,2008,"1,10,977","33,500",3786,83389, 989 ,125.96," 1,39,075 "
10,2008,"1,78,378","72,204",31535,49425," 4,698 ",121.65," 3,16,842 "
11,2008,"7,77,181","1,88,414",107993,319776," 4,168 ",125.62," 6,71,637 "
12,2008,"2,96,895","1,01,921",4068,144407," 1,637 ",156.24," 2,11,382 "
13,2008,"2,07,923","62,040",5987,97432," 1,770 ",118.73," 2,03,055 "
14,2008,"3,17,010","77,960",14626,138363," 1,352 ",138.39," 2,33,581 "
15,2008,"1,13,469","23,882",1370,55962," 5,411 ",118.79," 1,66,593 "
16,2008,"4,00,877","1,51,539",69400,76318," 1,459 ",125.16," 16,51,650 "
17,2008,"17,27,388","6,06,439",32661,727721," 36,538 ",111.53," 7,93,256 "
18,2008,"7,79,841","6,28,896",15486,24408," 45,575 ",121.00," 3,94,477 "
19,2008,"2,73,207","72,631",4469,142126," 7,087 ",116.83," 1,04,837 "
20,2008,"7,42,131","3,19,731",150094,100086," 18,069 ",120.14," 12,04,254 "
21,2008,"2,74,574","98,372",27473,133897," 1,850 ",121.70," 2,89,169 "
22,2008,"5,25,232","4,05,932",9529,21334," 3,801 ",113.48," 4,71,486 "
23,2008,"6,10,355","3,88,189",12647,35411," 5,830 ",113.49," 14,99,488 "
24,2008,"5,47,368","4,03,444",1836,17723," 8,542 ",120.08," 20,29,532 "
25,2008,"1,98,099","1,69,156",648,7226," 12,931 ",115.35," 2,48,950 "
26,2008,"1,34,602","83,505",842,30319," 4,219 ",125.42," 1,47,295 "
27,2008,"7,52,627","6,29,404",1630,48180," 19,449 ",127.25," 52,79,585 "
1,2009,"17,12,462","12,97,556",28527,276366," 2,34,676 ",108.99," 27,56,147 "
2,2009,"4,30,898","2,78,970",20665,52575," 2,596 ",148.21," 3,50,684 "
3,2009,"8,27,361","1,60,623",13664,454575," 11,018 ",123.97," 6,20,148 "
4,2009,"4,85,135","1,41,973",22231,241663," 14,202 ",122.09," 6,26,350 "
5,2009,"47,898","17,816",618,24452," 4,228 ",102.34," 58,413 "
6,2009,"1,03,742","31,090",5703,51628," 1,579 ",131.72," 3,33,438 "
7,2009,"9,15,373","1,00,879",18704,1130763, 138 ,137.36," 2,01,730 "
8,2009,"5,06,174","1,72,691",23521,209960," 2,021 ",139.98," 4,25,595 "
9,2009,"1,53,844","44,639",5179,106267," 1,043 ",126.54," 1,51,248 "
10,2009,"1,76,730","75,005",34268,53553," 4,775 ",122.47," 3,35,763 "
11,2009,"8,19,976","2,12,986",111241,350544," 4,288 ",126.29," 7,62,579 "
12,2009,"2,64,214","96,829",3896,139249," 1,715 ",156.89," 2,27,200 "
13,2009,"2,39,070","71,693",7299,120373," 1,982 ",120.69," 2,14,213 "
14,2009,"3,94,613","1,07,306",19063,174299," 1,423 ",140.75," 2,53,147 "
15,2009,"1,96,263","32,055",2982,110055," 5,626 ",119.02," 1,78,360 "
16,2009,"4,35,879","1,60,528",92621,97132," 1,506 ",126.05," 17,90,347 "
17,2009,"17,97,786","6,47,639",37348,770172," 40,147 ",111.73," 8,73,035 "
18,2009,"8,27,859","6,50,620",20157,29894," 46,182 ",121.68," 4,49,783 "
19,2009,"2,49,380","72,425",4168,122743," 7,378 ",118.16," 1,19,005 "
20,2009,"7,96,722","3,47,174",170214,102343," 18,515 ",120.94," 13,01,128 "
21,2009,"3,31,112","1,18,627",30451,147804," 1,820 ",123.84," 3,33,861 "
22,2009,"5,71,282","4,35,089",11082,24420," 4,012 ",114.23," 4,82,934 "
23,2009,"6,33,601","4,08,947",14813,36202," 6,382 ",114.12," 17,17,380 "
24,2009,"6,18,198","4,71,451",2096,19299," 8,460 ",121.27," 21,86,024 "
25,2009,"2,32,875","1,94,142",932,9814," 13,342 ",115.87," 2,74,404 "
26,2009,"1,57,774","98,464",978,37968," 4,365 ",126.34," 1,62,289 "
27,2009,"8,30,661","6,80,151",2100,61579," 20,070 ",128.22," 56,46,163 "
1,2010,"18,45,124","14,11,634",31308,278800," 2,30,132 ",109.42," 28,88,546 "
2,2010,"4,84,171","3,16,533",23083,65415," 2,590 ",152.95," 3,91,489 "
3,2010,"7,79,134","1,43,233",15241,514221," 11,185 ",125.06," 6,67,367 "
4,2010,"5,54,909","1,51,416",28161,297943," 13,987 ",122.71," 7,02,697 "
5,2010,"56,733","19,479",694,26437," 4,048 ",102.62," 64,369 "
6,2010,"1,27,772","40,430",7170,61091," 1,566 ",132.10," 3,42,446 "
7,2010,"10,16,438","1,09,714",17459,1197838, 146 ,137.55," 2,10,222 "
8,2010,"5,89,253","1,81,646",26770,276349," 2,028 ",142.74," 4,47,642 "
9,2010,"1,82,032","56,397",6017,111761," 1,101 ",127.11," 1,65,990 "
10,2010,"2,28,676","84,073",41134,68634," 4,858 ",123.29," 3,54,290 "
11,2010,"9,77,258","2,37,422",137842,433183," 4,415 ",126.96," 8,72,429 "
12,2010,"3,32,394","1,06,527",5216,184674," 1,798 ",157.53," 2,53,519 "
13,2010,"2,91,794","80,210",8769,147420," 2,225 ",122.68," 2,27,253 "
14,2010,"4,77,383","1,19,113",24835,218365," 1,500 ",143.15," 2,70,817 "
15,2010,"1,65,721","34,651",2578,88835," 5,851 ",119.26," 1,94,924 "
16,2010,"4,79,554","1,71,947",99500,106552," 1,554 ",126.95," 19,75,592 "
17,2010,"19,21,868","6,87,072",40713,812589," 44,187 ",111.93," 9,70,999 "
18,2010,"9,80,614","7,50,536",25189,38654," 46,804 ",122.37," 5,38,721 "
19,2010,"2,68,049","84,433",4166,124177," 7,683 ",119.51," 1,40,458 "
20,2010,"8,49,381","3,74,304",169897,106826," 18,973 ",121.74," 13,95,194 "
21,2010,"3,33,122","1,19,347",25723,137544," 1,793 ",126.02," 3,67,047 "
22,2010,"6,18,795","4,64,305",13671,30606," 4,235 ",114.99," 5,24,569 "
23,2010,"6,49,107","4,25,074",17370,36716," 6,988 ",114.75," 18,87,930 "
24,2010,"6,21,639","4,70,839",2185,20861," 8,379 ",122.47," 23,53,608 "
25,2010,"2,88,021","2,34,291",1203,13204," 13,765 ",116.40," 3,05,120 "
26,2010,"1,74,670","1,09,654",949,44294," 4,518 ",127.27," 1,78,993 "
27,2010,"8,94,902","7,17,118",2699,78447," 20,748 ",129.19," 59,52,940 "
1,2011,"19,45,111","15,01,947",33583,280739," 2,25,755 ",109.85," 30,60,530 "
2,2011,"4,38,179","2,61,035",26700,85069," 2,586 ",157.84," 4,30,146 "
3,2011,"9,06,984","1,67,610",14847,534238," 11,358 ",126.15," 7,08,460 "
4,2011,"5,95,735","1,53,344",27208,299898," 13,783 ",123.33," 7,38,363 "
5,2011,"60,583","21,722",671,28679," 3,878 ",102.91," 66,601 "
6,2011,"1,37,113","38,534",8398,68737," 1,554 ",132.48," 3,45,460 "
7,2011,"12,32,829","78,540",19941,1103038, 154 ,137.73," 2,31,193 "
8,2011,"6,61,779","2,03,579",30705,352330," 2,041 ",145.55," 4,73,497 "
9,2011,"1,98,384","45,309",6552,111829," 1,163 ",127.69," 1,78,686 "
10,2011,"2,60,738","95,723",43102,81260," 4,948 ",124.12," 3,72,663 "
11,2011,"10,75,546","2,29,352",146331,511804," 4,551 ",127.64," 9,46,357 "
12,2011,"3,72,244","1,25,551",5251,193571," 1,887 ",158.18," 2,68,820 "
13,2011,"3,03,106","82,246",9245,150312," 2,505 ",124.71," 2,36,769 "
14,2011,"5,60,582","1,33,194",34986,282579," 1,581 ",145.59," 2,96,099 "
15,2011,"1,77,824","35,282",3151,98677," 6,086 ",119.50," 2,00,378 "
16,2011,"5,35,136","1,86,668",95454,120211," 1,606 ",127.85," 21,74,768 "
17,2011,"21,40,973","7,77,335",46094,864205," 48,719 ",112.13," 10,92,802 "
18,2011,"10,65,574","7,93,681",30114,46572," 47,442 ",123.07," 6,58,672 "
19,2011,"2,64,753","89,901",4011,125972," 8,004 ",120.87," 1,66,748 "
20,2011,"9,05,748","4,03,605",170922,112339," 19,443 ",122.55," 15,24,604 "
21,2011,"3,51,494","1,25,930",27117,151686," 1,767 ",128.24," 4,03,097 "
22,2011,"6,49,765","4,80,226",15442,34494," 4,471 ",115.75," 5,35,713 "
23,2011,"6,75,971","4,49,039",20609,36411," 7,655 ",115.38," 21,81,509 "
24,2011,"6,66,419","4,91,155",2487,24728," 8,298 ",123.69," 25,11,181 "
25,2011,"3,37,736","2,67,900",1408,16047," 14,203 ",116.93," 3,39,201 "
26,2011,"1,73,426","1,09,515",847,47362," 4,679 ",128.20," 1,98,783 "
27,2011,"9,68,309","7,59,026",3354,94380," 21,485 ",130.17," 63,23,215 "
1,2012,"19,77,170","15,24,288",38216,271646," 2,20,885 ",110.23," 32,00,741 "
2,2012,"4,55,007","2,62,609",27278,95058," 2,494 ",159.62," 4,73,688 "
3,2012,"8,43,523","1,54,617",12963,496274," 11,133 ",127.10," 7,43,646 "
4,2012,"6,38,933","1,77,526",27914,324912," 13,707 ",123.82," 7,78,182 "
5,2012,"61,200","21,266",674,30196," 3,677 ",103.42," 68,017 "
6,2012,"1,30,718","34,355",8787,67213," 1,580 ",132.74," 3,49,036 "
7,2012,"13,10,488","1,36,149",18099,1119533, 162 ,135.79," 2,36,449 "
8,2012,"6,71,924","1,90,423",29710,379220," 2,062 ",148.55," 5,10,155 "
9,2012,"2,06,786","42,445",7349,119850," 1,174 ",128.79," 1,84,746 "
10,2012,"2,81,734","96,877",48166,89774," 4,844 ",125.52," 3,89,769 "
11,2012,"11,21,893","2,38,153",153323,536183," 4,611 ",128.69," 10,13,577 "
12,2012,"3,72,479","1,21,845",5322,193590," 2,014 ",157.09," 2,83,360 "
13,2012,"3,11,876","85,287",9395,151642," 2,674 ",124.43," 2,41,989 "
14,2012,"5,92,035","1,44,251",38053,291925," 1,625 ",145.01," 3,51,243 "
15,2012,"2,36,133","43,680",4332,128372," 5,994 ",119.84," 2,05,060 "
16,2012,"5,56,657","1,91,635",103471,130167," 1,675 ",128.32," 23,62,083 "
17,2012,"21,58,372","7,80,050",48327,850252," 50,383 ",112.64," 12,52,470 "
18,2012,"11,89,779","8,88,665",33121,52127," 48,104 ",123.52," 9,34,707 "
19,2012,"2,74,164","92,955",4128,128286," 8,223 ",121.26," 1,89,322 "
20,2012,"9,55,990","4,35,018",173272,114631," 20,037 ",122.97," 16,40,223 "
21,2012,"3,72,139","1,34,505",28785,163206," 1,771 ",128.41," 4,47,293 "
22,2012,"7,35,153","5,29,792",18030,39255," 4,631 ",116.05," 5,47,761 "
23,2012,"7,56,138","5,05,991",25491,36767," 8,387 ",115.44," 24,44,923 "
24,2012,"6,62,993","5,01,383",2345,22955," 8,227 ",124.10," 26,65,332 "
25,2012,"3,58,749","2,82,602",1558,17622," 14,726 ",117.10," 3,83,733 "
26,2012,"1,87,633","1,18,344",857,54764," 4,878 ",128.58," 2,21,189 "
27,2012,"10,24,109","8,11,565",3594,98063," 21,846 ",130.95," 66,20,338 "
1,2013,"20,74,376","16,09,198",41874,267401," 2,15,993 ",110.59," 33,65,663 "
2,2013,"4,98,039","2,63,107",29798,116200," 2,380 ",160.33," 5,73,449 "
3,2013,"9,46,694","1,53,643",13137,567403," 10,794 ",128.01," 7,79,760 "
4,2013,"8,22,271","2,16,567",36228,433503," 13,680 ",124.28," 8,10,455 "
5,2013,"55,914","18,332",590,30917," 3,501 ",104.01," 68,703 "
6,2013,"1,31,964","33,895",9505,69504," 1,620 ",132.96," 3,49,157 "
7,2013,"13,14,702","1,42,850",18669,1104656, 171 ,133.19," 2,77,572 "
8,2013,"7,08,686","1,96,594",27811,411786," 2,087 ",151.67," 5,36,906 "
9,2013,"2,17,573","55,144",7610,118005," 1,168 ",130.07," 1,91,357 "
10,2013,"2,68,103","89,943",43767,85523," 4,688 ",127.13," 3,99,783 "
11,2013,"12,14,341","2,76,946",154282,569576," 4,661 ",129.89," 10,81,717 "
12,2013,"3,45,661","1,05,408",4965,184970," 2,162 ",155.43," 2,93,889 "
13,2013,"3,68,292","93,778",11027,183332," 2,801 ",123.39," 2,46,561 "
14,2013,"5,64,543","1,32,100",37747,282190," 1,658 ",143.44," 3,76,683 "
15,2013,"2,68,720","45,510",5140,149575," 5,804 ",120.21," 2,07,728 "
16,2013,"5,92,198","1,99,601",109606,135113," 1,755 ",128.63," 25,36,939 "
17,2013,"22,10,947","8,00,771",49515,871338," 51,043 ",113.24," 13,29,208 "
18,2013,"12,64,820","9,41,941",35035,57077," 48,781 ",123.89," 10,90,056 "
19,2013,"2,75,991","92,565",4064,130366," 8,411 ",121.31," 1,96,121 "
20,2013,"10,11,950","4,61,525",182816,118577," 20,689 ",123.26," 16,73,514 "
21,2013,"3,95,206","1,56,031",29483,170058," 1,785 ",127.90," 6,23,219 "
22,2013,"7,68,634","5,77,914",16235,35248," 4,768 ",116.19," 5,64,009 "
23,2013,"9,43,221","5,96,665",37955,45103," 9,193 ",115.30," 27,38,632 "
24,2013,"6,79,939","5,10,046",2463,24497," 8,167 ",124.24," 28,39,386 "
25,2013,"3,78,617","2,99,769",1614,18559," 15,296 ",117.15," 4,38,037 "
26,2013,"2,02,128","1,23,232",892,66520," 5,098 ",128.77," 2,49,123 "
27,2013,"10,93,614","8,70,577",3842,103092," 22,079 ",131.66," 69,26,715 "
1,2014,"20,86,971"," 16,05,715 ",49197,263937," 2,11,294 ",110.95," 35,12,880 "
2,2014,"5,24,294"," 2,88,685 ",26987,109940," 2,274 ",161.05," 5,89,514 "
3,2014,"10,38,326"," 1,57,714 ",13248,624674," 10,474 ",128.91," 8,31,314 "
4,2014,"8,08,408"," 2,16,569 ",34995,434952," 13,663 ",124.73," 8,16,134 "
5,2014,"68,642"," 24,577 ",670,41602," 3,360 ",104.61," 69,346 "
6,2014,"1,54,164"," 39,101 ",12535,84286," 1,664 ",133.18," 3,50,742 "
7,2014,"13,25,745"," 2,08,482 ",14875,1114702, 180 ,130.64," 3,41,636 "
8,2014,"7,71,691"," 2,04,888 ",30002,467763," 2,115 ",154.84," 5,70,626 "
9,2014,"2,47,307"," 57,793 ",9471,139162," 1,164 ",131.37," 1,98,854 "
10,2014,"3,17,342"," 1,01,371 ",55873,108850," 4,545 ",128.76," 4,19,017 "
11,2014,"12,40,780"," 2,60,754 ",159412,595319," 4,727 ",131.09," 11,31,149 "
12,2014,"3,80,402"," 1,16,268 ",5477,200791," 2,325 ",153.79," 3,11,760 "
13,2014,"3,54,161"," 84,208 ",11491,184364," 2,936 ",122.36," 2,50,534 "
14,2014,"6,67,002"," 1,63,424 ",46639,327878," 1,693 ",141.88," 4,04,707 "
15,2014,"2,95,941"," 48,786 ",6736,174000," 5,626 ",120.57," 2,12,005 "
16,2014,"6,38,629"," 2,14,047 ",132679,149935," 1,840 ",128.95," 26,99,618 "
17,2014,"23,38,816"," 8,35,229 ",57438,908349," 51,775 ",113.85," 13,93,513 "
18,2014,"14,13,333"," 10,37,640 ",44403,64776," 49,470 ",124.26," 13,10,511 "
19,2014,"2,92,305"," 98,201 ",4360,135681," 8,607 ",121.37," 2,20,494 "
20,2014,"10,89,747"," 4,95,800 ",217414,118433," 21,364 ",123.55," 17,36,365 "
21,2014,"4,46,164"," 1,76,047 ",35844,196858," 1,800 ",127.39," 6,47,564 "
22,2014,"8,37,706"," 6,27,255 ",18639,38426," 4,909 ",116.33," 5,78,140 "
23,2014,"11,46,345"," 7,07,891 ",50172,49030," 10,085 ",115.16," 30,95,650 "
24,2014,"7,41,684"," 5,43,853 ",3019,28150," 8,117 ",124.38," 30,34,132 "
25,2014,"4,03,852"," 3,21,025 ",1944,20135," 15,892 ",117.21," 4,96,160 "
26,2014,"2,28,874"," 1,40,306 ",1036,77779," 5,332 ",128.95," 2,79,622 "
27,2014,"11,81,028"," 9,36,501 ",4333,111997," 22,324 ",132.37," 72,74,831 "
1,2015,"21,12,125"," 16,16,146 ",63592,251138," 2,06,780 ",111.31," 36,20,016 "
2,2015,"5,54,218"," 3,17,974 ",24041,95958," 2,175 ",161.77," 5,89,594 "
3,2015,"10,67,591"," 1,83,245 ",12421,593860," 10,172 ",129.83," 8,79,407 "
4,2015,"9,00,782"," 2,59,086 ",39736,472027," 13,656 ",125.19," 8,53,373 "
5,2015,"72,629"," 27,087 ",714,43507," 3,250 ",105.21," 70,045 "
6,2015,"1,51,472"," 44,008 ",13786,79355," 1,711 ",133.39," 3,49,219 "
7,2015,"11,33,468"," 2,42,806 ",10093,970484, 190 ,128.14," 4,18,388 "
8,2015,"8,54,535"," 2,21,215 ",32137,489526," 2,146 ",158.09," 6,24,077 "
9,2015,"2,74,182"," 74,163 ",10987,147225," 1,162 ",132.68," 2,11,342 "
10,2015,"3,23,482"," 1,09,785 ",64411,112425," 4,414 ",130.42," 4,33,319 "
11,2015,"13,06,821"," 2,24,820 ",169071,662277," 4,805 ",132.30," 11,74,683 "
12,2015,"3,97,256"," 1,24,935 ",6078,215259," 2,505 ",152.17," 3,28,275 "
13,2015,"3,93,592"," 97,840 ",13090,199376," 3,077 ",121.33," 2,56,529 "
14,2015,"7,58,752"," 2,12,884 ",55183,368242," 1,732 ",140.34," 4,31,862 "
15,2015,"3,43,203"," 81,975 ",9006,188982," 5,459 ",120.94," 2,13,282 "
16,2015,"6,75,655"," 2,24,158 ",136764,127211," 1,931 ",129.27," 29,16,488 "
17,2015,"23,76,858"," 8,65,335 ",68673,887885," 52,576 ",114.47," 14,80,202 "
18,2015,"15,42,691"," 11,50,121 ",57728,64733," 50,171 ",124.63," 15,46,073 "
19,2015,"3,28,499"," 1,11,305 ",5265,145609," 8,811 ",121.43," 2,62,328 "
20,2015,"11,74,661"," 5,30,156 ",324356,118173," 22,060 ",123.84," 18,26,587 "
21,2015,"4,60,287"," 2,01,243 ",40562,194727," 1,816 ",126.89," 7,50,015 "
22,2015,"8,99,035"," 6,72,788 ",22956,42725," 5,055 ",116.47," 6,01,560 "
23,2015,"13,77,058"," 8,54,815 ",61037,48450," 11,072 ",115.02," 33,92,634 "
24,2015,"7,92,051"," 5,65,106 ",3980,31212," 8,077 ",124.52," 32,64,492 "
25,2015,"4,42,428"," 3,48,192 ",2972,23999," 16,514 ",117.26," 5,72,814 "
26,2015,"2,49,751"," 1,52,154 ",1392,90789," 5,579 ",129.14," 3,20,117 "
27,2015,"12,38,982"," 9,78,529 ",4817,118672," 22,579 ",133.08," 75,25,561 "
1,2016,"22,49,974"," 17,26,004 ",70366,259405," 2,02,441 ",111.67," 37,47,004 "
2,2016,"6,26,556"," 3,49,248 ",27587,110595," 2,082 ",162.50," 6,01,993 "
3,2016,"11,75,869"," 2,03,072 ",15008,672126," 9,888 ",130.75," 9,20,612 "
4,2016,"9,08,818"," 2,61,234 ",42489,469820," 13,657 ",125.65," 8,85,227 "
5,2016,"80,558"," 29,864 ",792,48391," 3,166 ",105.81," 70,494 "
6,2016,"1,59,591"," 46,366 ",14749,84185," 1,760 ",133.61," 3,44,039 "
7,2016,"11,25,913"," 2,22,350 ",20302,1006000, 202 ,125.68," 4,94,522 "
8,2016,"8,69,702"," 2,45,623 ",31547,484095," 2,181 ",161.40," 6,96,596 "
9,2016,"3,04,783"," 85,275 ",12093,159193," 1,162 ",134.00," 2,27,343 "
10,2016,"3,71,836"," 1,33,840 ",74467,123992," 4,295 ",132.09," 4,43,954 "
11,2016,"13,32,084"," 2,84,418 ",169194,638292," 4,893 ",133.53," 11,67,433 "
12,2016,"4,62,359"," 1,51,052 ",7323,245338," 2,703 ",150.56," 3,50,446 "
13,2016,"4,65,440"," 1,02,905 ",15864,240309," 3,227 ",120.32," 2,67,302 "
14,2016,"8,18,873"," 2,28,291 ",60393,400745," 1,773 ",138.81," 4,75,714 "
15,2016,"3,12,452"," 60,474 ",8767,178489," 5,303 ",121.31," 2,14,250 "
16,2016,"7,26,622"," 2,46,496 ",154615,137356," 2,028 ",129.59," 30,86,454 "
17,2016,"25,00,211"," 9,16,445 ",74409,955409," 53,444 ",115.08," 16,38,282 "
18,2016,"16,97,643"," 12,68,230 ",64840,70951," 50,886 ",125.00," 18,30,235 "
19,2016,"3,54,702"," 1,21,092 ",5819,149857," 9,024 ",121.48," 2,95,244 "
20,2016,"12,38,548"," 5,53,160 ",359596,128561," 22,780 ",124.14," 19,62,908 "
21,2016,"4,72,015"," 2,03,896 ",43776,209182," 1,834 ",126.38," 8,25,258 "
22,2016,"9,65,732"," 6,95,983 ",27753,50413," 5,206 ",116.61," 6,17,244 "
23,2016,"16,26,470"," 10,02,180 ",75188,58510," 12,164 ",114.88," 37,35,567 "
24,2016,"8,48,357"," 6,14,238 ",4304,31773," 8,046 ",124.65," 35,23,575 "
25,2016,"4,86,121"," 3,83,042 ",3443,26917," 17,164 ",117.31," 6,61,218 "
26,2016,"2,77,169"," 1,66,070 ",1669,106782," 5,842 ",129.33," 3,66,423 "
27,2016,"13,00,381"," 10,27,436 ",5273,126189," 22,846 ",133.80," 77,90,240 "
1,2017,"23,62,358"," 18,40,023 ",67492,265633," 1,98,270 ",112.04," 38,79,153 "
2,2017,"5,38,694"," 3,29,612 ",22856,93988," 1,994 ",163.23," 6,27,827 "
3,2017,"12,38,063"," 2,14,468 ",15637,714341," 9,620 ",131.68," 9,75,273 "
4,2017,"9,62,422"," 2,81,017 ",44379,498773," 13,668 ",126.11," 9,25,825 "
5,2017,"78,404"," 29,229 ",735,47332," 3,104 ",106.41," 71,782 "
6,2017,"1,70,519"," 52,630 ",15190,88278," 1,814 ",133.83," 3,46,316 "
7,2017,"11,35,935"," 2,23,911 ",20231,1075677, 214 ,123.27," 5,43,035 "
8,2017,"9,25,793"," 2,54,381 ",32151,509755," 2,218 ",164.78," 7,45,479 "
9,2017,"3,19,580"," 84,874 ",12651,166614," 1,164 ",135.34," 2,46,808 "
10,2017,"3,91,868"," 1,32,758 ",74490,123258," 4,187 ",133.79," 4,61,652 "
11,2017,"14,93,598"," 3,18,942 ",196628,719052," 4,989 ",134.77," 11,52,841 "
12,2017,"5,01,642"," 1,74,656 ",7752,250547," 2,925 ",148.97," 3,87,685 "
13,2017,"5,24,907"," 1,30,168 ",18341,272369," 3,384 ",119.31," 2,81,618 "
14,2017,"9,02,849"," 2,37,432 ",67849,441312," 1,819 ",137.31," 5,19,837 "
15,2017,"3,45,700"," 74,961 ",8949,193368," 5,157 ",121.69," 2,16,191 "
16,2017,"7,74,782"," 2,72,650 ",152882,146407," 2,131 ",129.91," 32,04,132 "
17,2017,"26,47,705"," 9,64,306 ",79842,1014034," 54,379 ",115.70," 18,56,810 "
18,2017,"19,05,116"," 14,35,984 ",68847,78713," 51,613 ",125.37," 21,64,088 "
19,2017,"3,83,797"," 1,32,191 ",6281,168127," 9,246 ",121.54," 3,26,079 "
20,2017,"13,49,676"," 6,01,901 ",363197,142753," 23,524 ",124.43," 21,42,134 "
21,2017,"5,00,951"," 1,98,344 ",48698,229403," 1,853 ",125.88," 10,39,616 "
22,2017,"10,13,488"," 7,28,670 ",31143,56128," 5,363 ",116.75," 6,23,447 "
23,2017,"14,48,789"," 10,09,197 ",55551,41872," 13,375 ",114.74," 40,31,280 "
24,2017,"9,09,262"," 6,76,507 ",4271,32234," 8,025 ",124.79," 37,70,173 "
25,2017,"5,41,657"," 4,27,638 ",3722,30206," 17,843 ",117.37," 7,65,756 "
26,2017,"2,85,409"," 1,76,298 ",1599,107900," 6,120 ",129.52," 4,17,803 "
27,2017,"12,45,977"," 10,31,423 ",4289,101793," 23,124 ",134.53," 80,27,581 "
1,2018,"24,20,320"," 18,78,598 ",65619,280857," 1,98,228 ",112.55," 40,26,009 "
2,2018,"5,17,509"," 3,26,815 ",22023,95409," 2,035 ",165.09," 6,58,628 "
3,2018,"14,58,284"," 2,58,815 ",16907,828157," 9,444 ",133.50," 10,32,069 "
4,2018,"10,20,515"," 3,00,167 ",44470,529078," 12,419 ",126.78," 9,63,257 "
5,2018,"94,206"," 34,142 ",847,57704," 2,942 ",106.87," 72,763 "
6,2018,"1,95,700"," 57,677 ",16838,101950," 1,911 ",135.16," 3,48,360 "
7,2018,"12,57,539"," 1,52,615 ",20061,1127604, 218 ,127.62," 5,81,066 "
8,2018,"11,33,806"," 2,90,838 ",39406,648049," 2,362 ",163.82," 7,99,078 "
9,2018,"3,93,663"," 94,391 ",15190,205975," 1,342 ",132.97," 2,67,631 "
10,2018,"4,57,393"," 1,42,594 ",84589,142605," 4,116 ",137.61," 4,81,952 "
11,2018,"16,95,780"," 3,25,495 ",232543,853853," 5,268 ",135.11," 11,44,435 "
12,2018,"5,58,219"," 1,78,667 ",8336,283279," 3,123 ",152.61," 4,32,650 "
13,2018,"5,94,376"," 1,35,487 ",20360,312827," 3,542 ",119.74," 2,99,656 "
14,2018,"10,27,823"," 2,75,585 ",72995,491107," 1,835 ",137.31," 5,67,427 "
15,2018,"3,79,732"," 82,521 ",9102,210642," 5,733 ",121.89," 2,18,492 "
16,2018,"8,33,536"," 2,94,147 ",157677,160918," 2,032 ",130.29," 33,90,220 "
17,2018,"28,43,287"," 10,26,789 ",82480,1085600," 57,554 ",115.91," 21,36,202 "
18,2018,"20,78,974"," 15,63,237 ",70402,87737," 54,984 ",126.14," 24,68,596 "
19,2018,"4,22,501"," 1,44,544 ",6629,192270," 9,415 ",122.40," 3,66,421 "
20,2018,"14,22,396"," 6,33,762 ",354254,159265," 24,060 ",126.07," 23,67,340 "
21,2018,"5,14,158"," 1,97,215 ",48359,238462," 1,829 ",125.34," 12,88,632 "
22,2018,"10,55,342"," 7,58,170 ",32183,60995," 5,944 ",117.65," 6,43,564 "
23,2018,"16,76,115"," 11,28,039 ",68243,52782," 13,803 ",115.45," 43,88,041 "
24,2018,"9,63,003"," 7,22,773 ",4178,34092," 8,318 ",124.71," 40,22,615 "
25,2018,"6,00,976"," 4,73,036 ",3955,34790," 18,821 ",117.42," 8,70,210 "
26,2018,"3,04,716"," 1,90,073 ",1598,118985," 6,594 ",126.67," 4,67,784 "
27,2018,"12,87,994"," 10,67,607 ",4319,105828," 25,470 ",136.75," 82,89,292 "
1,2019,"25,35,071"," 19,82,303 ",70191,281297," 2,23,401 ",112.98," 41,73,324 "
2,2019,"5,21,658"," 3,21,766 ",22367,96681," 1,631 ",174.47," 6,77,004 "
3,2019,"14,28,581"," 2,48,281 ",17322,810206," 9,429 ",134.41," 10,91,069 "
4,2019,"10,14,953"," 2,93,936 ",44058,531456," 11,813 ",128.13," 10,02,260 "
5,2019,"1,00,942"," 36,599 ",909,69927," 3,062 ",107.71," 73,851 "
6,2019,"1,93,348"," 55,845 ",16683,103880," 1,818 ",134.99," 3,51,997 "
7,2019,"12,28,594"," 1,27,434 ",18314,1221814, 268 ,131.08," 6,26,528 "
8,2019,"11,40,952"," 2,96,421 ",40771,665788," 2,696 ",159.28," 8,61,774 "
9,2019,"3,93,974"," 92,134 ",15116,211650," 1,389 ",135.20," 2,91,357 "
10,2019,"4,54,609"," 1,49,207 ",85715,152425," 4,165 ",137.16," 5,05,769 "
11,2019,"17,61,587"," 3,22,677 ",228962,879012," 5,233 ",138.57," 11,44,557 "
12,2019,"5,37,395"," 1,66,608 ",8111,285462," 3,086 ",166.98," 4,81,985 "
13,2019,"5,95,972"," 1,32,193 ",20398,321757," 3,905 ",121.64," 3,20,411 "
14,2019,"10,08,096"," 2,63,925 ",73257,498733," 2,098 ",138.08," 6,21,996 "
15,2019,"3,55,140"," 76,032 ",8916,204164," 5,866 ",125.40," 2,21,068 "
16,2019,"8,55,759"," 3,00,675 ",157560,159552," 2,330 ",129.20," 35,36,539 "
17,2019,"28,90,359"," 10,38,680 ",85655,1147938," 61,125 ",115.85," 24,17,321 "
18,2019,"22,27,328"," 16,74,210 ",78758,95094," 63,883 ",127.08," 27,13,802 "
19,2019,"4,58,256"," 1,54,215 ",7407,204535," 9,608 ",124.27," 4,22,847 "
20,2019,"14,36,455"," 6,41,988 ",379488,161484," 25,139 ",126.90," 25,52,908 "
21,2019,"5,26,184"," 2,19,313 ",48027,234806," 1,657 ",126.45," 14,46,658 "
22,2019,"10,91,042"," 7,84,672 ",35056,66384," 6,122 ",117.78," 6,61,742 "
23,2019,"18,67,543"," 12,58,212 ",75987,59937," 14,089 ",115.45," 47,78,649 "
24,2019,"10,17,048"," 7,59,976 ",4600,36644," 8,620 ",123.32," 42,97,010 "
25,2019,"6,21,347"," 5,06,961 ",3801,32329," 19,104 ",116.52," 9,92,147 "
26,2019,"3,23,360"," 2,01,915 ",1838,130874," 6,574 ",127.17," 5,26,886 "
27,2019,"13,34,787"," 11,13,296 ",4439,108891," 23,742 ",139.35," 85,62,717 "
